Generation,Population,Orders,Trades,Positions,Fees (USDT),RealizedProfits (USDT),ROI,Price Interval for JMA etc.,Hard Exit Now,Soft Exit Now,dca_gap_modifier (0.5x - 1.5x),above_this_adx_means_trending (ex: 25),jma_percent_tp_offset (ex: 0.10),jma_period_length,tp_percent_offset,rsi RSI Length,rsi SMA Length,rsi Buy Level,rsi Sell Level
10,93,323,298,105,3.18802556,-1.23742556,-33.2568%,1,False,False,1.1,20,0.16,15,0.27,10,3,30,55
10,89,427,401,142,4.33159956,3.0996004400004,82.4879%,1,False,False,1,18,0.13,19,0.26,8,3,30,55
10,88,382,358,128,3.81941628,1.2161837199996,33.151%,1,False,False,1,18,0.15,18,0.23,10,3,30,55
10,84,349,328,116,3.51292752,1.5522724800002,41.7481%,1,False,False,1.2,24,0.15,17,0.25,6,3,30,55
10,83,335,325,117,3.4442188,1.8507812000012,51.2383%,1,False,False,0.9,18,0.16,18,0.23,8,3,30,55
10,80,442,413,152,4.37071616,-2.7155161600002,-76.6365%,1,False,False,1.2,18,0.12,18,0.23,12,3,30,55
10,79,337,313,106,3.43359516,-4.031795159999,-101.3649%,1,False,False,1.1,22,0.13,15,0.24,18,3,30,55
10,78,379,359,126,3.86245748,0.8411425199998,22.3076%,1,False,False,1,24,0.14,16,0.23,6,3,30,55
10,77,474,444,160,4.77722096,-2.8812209599988,-78.2113%,1,False,False,1.2,20,0.1,17,0.24,14,3,30,55
10,76,297,283,97,3.07582404,-6.8654240400006,-176.7258%,1,False,False,1,20,0.16,15,0.22,16,3,30,55
10,75,454,427,154,4.57320848,1.8003915200012,49.1704%,1,False,False,1.2,22,0.11,15,0.23,12,3,30,55
10,74,341,310,108,3.35999512,-2.9571951199994,-77.454%,1,False,False,1.2,18,0.13,16,0.25,18,3,30,55
10,73,327,316,114,3.3386254,1.2125746000004,33.7677%,1,False,False,0.9,16,0.16,17,0.22,8,3,30,55
10,72,452,416,145,4.56334068,-8.7335406799986,-224.962%,1,False,False,1.2,16,0.09,15,0.25,16,3,30,55
10,71,392,377,134,4.04316732,-2.8507673200006,-76.7706%,1,False,False,0.9,18,0.14,18,0.27,6,3,30,55
10,70,370,345,125,3.65124072,-0.1552407200002,-4.3258%,1,False,False,1.2,18,0.13,15,0.24,12,3,30,55
10,69,388,373,128,4.09140612,-4.7482061200004,-120.6291%,1,False,False,1,20,0.13,17,0.22,18,3,30,55
10,68,538,504,182,5.44589148,0.4531085200006,12.2549%,1,False,False,1.2,20,0.09,19,0.25,8,3,30,55
10,67,395,373,136,3.94273808,-1.5511380800004,-43.4928%,1,False,False,1.1,20,0.14,18,0.27,6,3,30,55
10,66,504,478,160,5.36481092,-7.5612109200002,-182.4233%,1,False,False,0.9,22,0.09,15,0.22,16,3,30,55
10,65,323,294,101,3.20446152,-4.5320615199994,-116.5052%,1,False,False,1.2,20,0.14,16,0.25,18,3,30,55
10,64,515,488,168,5.38249316,-1.2772931599988,-32.2617%,1,False,False,1,22,0.1,19,0.23,12,3,30,55
10,63,306,287,105,2.997128,-0.068728,-1.9673%,1,False,False,1.1,22,0.16,15,0.24,6,3,30,55
10,62,416,392,143,4.162153,4.4120470000006,123.127%,1,False,False,1.2,20,0.13,19,0.27,8,3,30,55
10,61,405,392,143,4.15557664,4.8160233600002,134.5989%,1,False,False,1.2,24,0.13,19,0.22,8,3,30,55
10,60,417,388,131,4.30972624,-5.44152624,-134.181%,1,False,False,1,24,0.11,19,0.25,16,3,30,55
10,59,328,318,116,3.33673524,-1.4963352399998,-42.4126%,1,False,False,0.9,18,0.16,18,0.27,6,3,30,55
10,58,331,309,109,3.30170128,-1.9423012799996,-52.283%,1,False,False,1,20,0.16,15,0.24,10,3,30,55
10,57,336,315,112,3.35143956,-0.3126395600002,-8.518%,1,False,False,1,16,0.16,17,0.25,12,3,30,55
10,56,509,473,169,5.12125948,-5.3906594799996,-144.0424%,1,False,False,1.2,16,0.09,18,0.26,12,3,30,55
10,55,331,320,120,3.30282276,-1.2390227600004,-36.7123%,1,False,False,1.1,20,0.16,17,0.22,6,3,30,55
10,54,403,376,131,4.09868668,-2.3284866799992,-60.4237%,1,False,False,1.1,24,0.11,16,0.24,18,3,30,55
10,53,403,377,135,4.03693416,7.6834658400004,208.7854%,1,False,False,1.2,24,0.13,19,0.26,8,3,30,55
10,52,375,348,123,3.74248528,5.3959147199998,144.2859%,1,False,False,1.2,24,0.13,16,0.26,8,3,30,55
10,51,366,335,116,3.6309786,3.2972214000002,85.7619%,1,False,False,1.1,22,0.15,19,0.26,14,3,30,55
10,50,310,289,98,3.16516344,-5.1241634400006,-129.3873%,1,False,False,1,24,0.16,18,0.27,16,3,30,55
10,49,477,454,166,4.8429804,1.1210195999996,31.1429%,1,False,False,1.1,18,0.11,19,0.24,8,3,30,55
10,48,447,417,143,4.60671116,-4.7265111599988,-118.9233%,1,False,False,1.2,22,0.09,16,0.24,18,3,30,55
10,47,540,517,180,5.67374708,-3.5771470800004,-91.7755%,1,False,False,1.1,22,0.08,18,0.22,12,3,30,55
10,46,426,401,139,4.3954368,-4.2008368,-107.7609%,1,False,False,1,20,0.12,16,0.23,16,3,30,55
10,45,403,377,135,4.03693416,7.6834658400004,208.7854%,1,False,False,1.2,24,0.13,19,0.26,8,3,30,55
10,44,405,374,132,4.03241812,-1.8230181200006,-48.4918%,1,False,False,1.1,16,0.13,18,0.25,14,3,30,55
10,43,361,342,118,3.70976788,1.8526321199998,47.9418%,1,False,False,1,24,0.15,17,0.25,6,3,30,55
10,42,473,442,159,4.75784036,-1.947640359999,-52.7552%,1,False,False,1.2,22,0.1,17,0.23,14,3,30,55
10,41,504,477,163,5.28041504,-3.7906150399994,-94.7034%,1,False,False,0.9,16,0.1,16,0.26,12,3,30,55
10,40,399,377,134,4.04224964,1.9719503599992,53.1215%,1,False,False,1.1,22,0.13,16,0.22,14,3,30,55
10,39,419,385,132,4.2473554,-5.096355399999,-128.525%,1,False,False,1.1,22,0.1,18,0.27,16,3,30,55
10,38,390,369,129,4.01148624,-3.4990862399992,-91.3927%,1,False,False,1.1,24,0.12,15,0.22,18,3,30,55
10,37,436,407,139,4.47693896,2.8022610399994,70.5688%,1,False,False,1.1,24,0.11,15,0.27,12,3,30,55
10,36,468,443,160,4.74085756,0.0669424399996,1.8311%,1,False,False,1.1,22,0.11,15,0.25,6,3,30,55
10,35,418,396,147,4.15187932,0.77952068,22.4147%,1,False,False,1.2,22,0.13,18,0.24,6,3,30,55
10,34,426,401,134,4.48014068,-7.3785406799996,-178.9283%,1,False,False,0.9,20,0.11,16,0.25,16,3,30,55
10,33,400,376,134,4.03669096,7.3389090400004,197.9487%,1,False,False,1.2,24,0.13,19,0.27,8,3,30,55
10,32,471,431,144,4.81741484,-0.8150148399992,-19.7379%,1,False,False,1,24,0.09,19,0.27,14,3,30,55
10,31,503,478,161,5.33305776,-1.7820577599994,-43.5406%,1,False,False,0.9,22,0.1,19,0.23,14,3,30,55
10,30,379,359,133,3.751075,-1.970475,-56.8413%,1,False,False,1.2,20,0.13,15,0.24,6,3,30,55
10,29,375,356,129,3.77271412,2.3408858799998,65.1253%,1,False,False,1,18,0.15,19,0.23,8,3,30,55
10,28,336,310,106,3.3731676,-0.070367600001,-1.8026%,1,False,False,1.1,22,0.15,16,0.25,12,3,30,55
10,27,339,317,112,3.41336124,-3.0783612399988,-82.278%,1,False,False,1.2,24,0.15,19,0.24,16,3,30,55
10,26,531,504,175,5.54659172,-3.6537917199988,-93.2619%,1,False,False,1,18,0.09,18,0.22,14,3,30,55
10,25,415,395,147,4.14333332,3.5676666800004,102.8196%,1,False,False,1.2,18,0.13,19,0.24,8,3,30,55
10,24,533,506,169,5.68710516,4.20449484,101.0455%,1,False,False,0.9,24,0.09,19,0.26,8,3,30,55
10,23,385,355,128,3.79724192,-4.5476419199992,-124.6221%,1,False,False,1.2,24,0.12,15,0.23,16,3,30,55
10,22,409,383,141,4.04181268,4.6099873200006,130.6957%,1,False,False,1.2,18,0.13,19,0.26,8,3,30,55
10,21,506,484,173,5.23880872,1.5629912800002,41.7904%,1,False,False,1,16,0.1,16,0.24,8,3,30,55
10,20,395,371,133,3.96998084,3.6078191600006,98.2515%,1,False,False,1.1,18,0.14,19,0.27,8,3,30,55
10,19,402,370,126,4.08566348,-2.070263479999,-51.8418%,1,False,False,1.1,24,0.11,18,0.25,18,3,30,55
10,18,334,309,108,3.32452672,3.9534732800006,104.7116%,1,False,False,1.2,24,0.16,18,0.27,10,3,30,55
10,17,503,462,158,5.12073124,-5.4617312400002,-136.4414%,1,False,False,1.1,20,0.08,18,0.27,14,3,30,55
10,16,372,357,124,3.872215,-0.3946150000002,-10.2757%,1,False,False,0.9,16,0.15,19,0.25,10,3,30,55
10,15,382,361,133,3.78515384,-0.52035384,-14.8711%,1,False,False,1.2,22,0.13,15,0.23,6,3,30,55
10,14,401,373,132,4.03701568,-2.2466156799996,-59.6618%,1,False,False,1.2,20,0.12,19,0.23,18,3,30,55
10,13,378,346,120,3.7708596,-4.392859599999,-113.6578%,1,False,False,1.1,20,0.12,15,0.25,18,3,30,55
10,12,348,320,111,3.45890764,-0.1319076400008,-3.4493%,1,False,False,1.1,20,0.15,16,0.26,14,3,30,55
10,11,530,500,172,5.5325708,-2.6743707999992,-67.2616%,1,False,False,0.9,16,0.1,19,0.27,10,3,30,55
10,10,505,483,173,5.20794516,-0.07114516,-1.9132%,1,False,False,1,22,0.11,16,0.23,6,3,30,55
10,9,478,456,149,5.1722416,-9.4424415999998,-220.1142%,1,False,False,0.9,20,0.08,18,0.24,18,3,30,55
10,8,424,393,136,4.28575104,-2.7259510399992,-70.2174%,1,False,False,1,16,0.13,18,0.26,12,3,30,55
10,7,421,395,136,4.32425508,6.9729449199998,178.0034%,1,False,False,1,24,0.13,19,0.27,8,3,30,55
10,6,312,287,99,3.09780696,1.60699304,41.9269%,1,False,False,1.1,24,0.16,15,0.27,10,3,30,55
10,5,587,554,188,6.18995084,-4.89195084,-120.0555%,1,False,False,1,18,0.08,18,0.23,12,3,30,55
10,4,353,324,109,3.5774488,-2.4706487999978,-61.2573%,1,False,False,1.1,22,0.14,19,0.27,18,3,30,55
10,3,335,314,110,3.3939562,-2.0185561999988,-53.2993%,1,False,False,1.2,24,0.15,19,0.23,18,3,30,55
10,2,391,367,128,3.98298436,7.4972156400002,195.8213%,1,False,False,1.1,24,0.14,19,0.26,8,3,30,55
10,1,582,551,195,6.02580756,-3.7204075600006,-97.3143%,1,False,False,1.1,18,0.08,19,0.24,10,3,30,55
9,100,529,506,172,5.6255138,-6.0155137999988,-148.7489%,1,False,False,0.9,20,0.1,19,0.24,12,3,30,55
9,99,483,451,150,5.07773944,-11.1359394399992,-266.2666%,1,False,False,1,18,0.08,17,0.25,16,3,30,55
9,98,460,428,144,4.7841546,-8.6471545999988,-210.8237%,1,False,False,1.1,22,0.08,17,0.26,16,3,30,55
9,97,372,346,124,3.686351,0.7878489999996,21.5691%,1,False,False,1.1,18,0.14,15,0.23,10,3,30,55
9,96,338,321,121,3.30568708,-0.5244870799998,-15.6564%,1,False,False,1,18,0.16,18,0.23,6,3,30,55
9,95,453,427,143,4.77308504,-4.3700850400002,-106.0653%,1,False,False,1,22,0.09,18,0.24,18,3,30,55
9,94,403,377,135,4.03693416,7.6834658400004,208.7854%,1,False,False,1.2,24,0.13,19,0.26,8,3,30,55
9,93,438,420,144,4.63826012,-2.7386601200004,-68.9196%,1,False,False,1,20,0.11,17,0.22,18,3,30,55
9,92,363,343,122,3.66623504,3.7809649599998,102.3978%,1,False,False,1.2,24,0.13,15,0.23,8,3,30,55
9,91,400,381,132,4.15143584,1.0323641600018,26.6641%,1,False,False,0.9,16,0.13,17,0.26,8,3,30,55
9,90,461,429,139,4.88165304,-7.4590530399998,-171.9768%,1,False,False,0.9,22,0.09,16,0.27,16,3,30,55
9,89,321,311,113,3.25849908,-2.5300990800006,-71.574%,1,False,False,0.9,20,0.16,16,0.22,6,3,30,55
9,88,429,395,137,4.31443492,3.2181650800002,82.9332%,1,False,False,1.2,24,0.12,19,0.26,12,3,30,55
9,87,520,498,170,5.5279014,2.3664986000006,58.8799%,1,False,False,0.9,22,0.1,18,0.25,8,3,30,55
9,86,441,412,147,4.43858812,4.476011880001,120.2789%,1,False,False,1.2,22,0.11,15,0.27,8,3,30,55
9,85,453,429,159,4.52329796,-3.1158979600002,-88.842%,1,False,False,1.1,18,0.12,19,0.26,6,3,30,55
9,84,277,253,84,2.78435744,-4.1263574399996,-101.8232%,1,False,False,1.1,22,0.16,15,0.27,18,3,30,55
9,83,322,307,106,3.33941064,-4.2178106400006,-109.1066%,1,False,False,1.1,24,0.15,16,0.22,16,3,30,55
9,82,450,432,150,4.71726012,0.8743398799998,22.5392%,1,False,False,0.9,22,0.13,19,0.22,10,3,30,55
9,81,328,302,102,3.31674384,-7.6205438400002,-190.964%,1,False,False,1,20,0.15,16,0.25,16,3,30,55
9,80,323,298,107,3.14820352,0.9521964800002,26.4188%,1,False,False,1.1,18,0.16,16,0.26,10,3,30,55
9,79,354,330,118,3.51425464,1.0245453599994,28.0235%,1,False,False,1.1,20,0.15,15,0.23,10,3,30,55
9,78,322,300,104,3.22282184,0.1057781599996,2.7852%,1,False,False,1,20,0.16,16,0.25,14,3,30,55
9,77,379,363,132,3.83921412,-0.8232141200002,-23.02%,1,False,False,1,16,0.15,19,0.22,10,3,30,55
9,76,571,536,181,5.99647144,-5.91667144,-144.3538%,1,False,False,1,18,0.08,15,0.24,12,3,30,55
9,75,381,354,126,3.7944114,5.1493886,139.0901%,1,False,False,1.2,24,0.13,17,0.26,8,3,30,55
9,74,451,421,148,4.58069632,4.9205036800004,128.9348%,1,False,False,1.2,24,0.11,19,0.26,8,3,30,55
9,73,600,578,199,6.42716832,-2.6193683199998,-65.5161%,1,False,False,0.9,16,0.08,18,0.24,8,3,30,55
9,72,324,303,104,3.29719796,-5.1255979599992,-131.797%,1,False,False,0.9,16,0.16,19,0.22,18,3,30,55
9,71,407,376,133,4.0521796,6.0042204000002,160.1116%,1,False,False,1.2,24,0.13,19,0.26,12,3,30,55
9,70,480,437,147,4.86703496,-0.112434959999,-2.751%,1,False,False,1,24,0.09,18,0.27,14,3,30,55
9,69,305,282,98,3.03901544,-6.3488154400006,-167.1312%,1,False,False,1,16,0.16,17,0.25,16,3,30,55
9,68,492,457,161,4.97332128,-3.3129212800006,-86.866%,1,False,False,1.1,22,0.09,18,0.24,14,3,30,55
9,67,338,325,112,3.54508568,-3.4498856799986,-88.7221%,1,False,False,1.1,24,0.15,19,0.22,18,3,30,55
9,66,500,466,164,5.08911836,4.1906816400004,109.3712%,1,False,False,1.2,24,0.09,19,0.26,8,3,30,55
9,65,436,402,133,4.50995764,-6.8295576400002,-163.2742%,1,False,False,1,18,0.09,15,0.26,18,3,30,55
9,64,419,393,144,4.16239512,4.7620048800006,133.8205%,1,False,False,1.2,20,0.13,19,0.26,8,3,30,55
9,63,414,387,140,4.12541108,5.7963889200006,159.7964%,1,False,False,1.2,22,0.13,19,0.26,8,3,30,55
9,62,446,412,137,4.61879536,-5.8949953599996,-141.7022%,1,False,False,1,20,0.09,18,0.27,18,3,30,55
9,61,391,367,128,3.98298436,7.4972156400002,195.8213%,1,False,False,1.1,24,0.14,19,0.26,8,3,30,55
9,60,419,393,144,4.16239512,4.7620048800006,133.8205%,1,False,False,1.2,20,0.13,19,0.26,8,3,30,55
9,59,321,298,100,3.28116344,-4.5095634399984,-112.0286%,1,False,False,1.1,18,0.15,18,0.27,18,3,30,55
9,58,446,416,129,4.83446568,-8.1622656800008,-176.3829%,1,False,False,0.9,24,0.08,15,0.27,18,3,30,55
9,57,432,412,149,4.39424996,1.61835004,44.5315%,1,False,False,1.1,18,0.13,19,0.24,10,3,30,55
9,56,525,496,174,5.42237908,1.0084209200012,26.1876%,1,False,False,1,20,0.11,19,0.23,10,3,30,55
9,55,400,376,134,4.03669096,7.3389090400004,197.9487%,1,False,False,1.2,24,0.13,19,0.27,8,3,30,55
9,54,422,398,139,4.32430192,3.0716980799994,80.1299%,1,False,False,1.1,24,0.12,16,0.24,10,3,30,55
9,53,499,472,167,5.12023268,0.2381673200008,6.291%,1,False,False,1,16,0.11,15,0.23,12,3,30,55
9,52,345,317,109,3.46374584,-1.2829458399986,-32.8747%,1,False,False,1.2,24,0.14,19,0.27,18,3,30,55
9,51,331,308,109,3.29503252,6.4791674800006,174.8115%,1,False,False,1.2,24,0.16,19,0.26,8,3,30,55
9,50,467,443,163,4.70556384,0.6212361600004,17.4474%,1,False,False,1.2,18,0.11,17,0.23,8,3,30,55
9,49,376,351,127,3.7393392,-2.6137391999992,-72.1929%,1,False,False,1.2,16,0.13,19,0.23,18,3,30,55
9,48,323,293,102,3.16923548,-7.9966354799994,-209.9075%,1,False,False,1.2,18,0.14,17,0.27,16,3,30,55
9,47,449,434,156,4.66623164,0.4137683600008,11.2181%,1,False,False,1,16,0.12,19,0.22,8,3,30,55
9,46,328,309,107,3.35587932,-2.0828793199996,-54.1213%,1,False,False,1.2,24,0.14,15,0.22,18,3,30,55
9,45,406,385,143,4.03819384,2.1826061600002,62.815%,1,False,False,1.2,20,0.13,17,0.23,8,3,30,55
9,44,289,262,89,2.84796308,-8.0555630800002,-205.7557%,1,False,False,1,16,0.16,15,0.26,16,3,30,55
9,43,438,402,137,4.45942828,-4.9136282799994,-122.4075%,1,False,False,1.2,20,0.09,18,0.27,18,3,30,55
9,42,634,610,210,6.78163172,-3.2004317200006,-80.004%,1,False,False,0.9,20,0.08,17,0.27,6,3,30,55
9,41,399,377,135,4.03687768,7.3175223200004,198.8457%,1,False,False,1.2,24,0.13,19,0.25,8,3,30,55
9,40,406,379,135,4.07118304,5.6272169600006,151.5892%,1,False,False,1.2,24,0.13,19,0.26,10,3,30,55
9,39,480,455,148,5.18095872,-4.4783587199992,-103.5364%,1,False,False,1,24,0.08,18,0.23,18,3,30,55
9,38,536,508,173,5.6505464,-4.599946399999,-113.9074%,1,False,False,0.9,16,0.09,19,0.23,14,3,30,55
9,37,393,371,129,4.025246,3.5959539999998,93.6474%,1,False,False,1.1,24,0.14,18,0.22,14,3,30,55
9,36,299,286,99,3.09196672,-2.9175667199996,-76.2482%,1,False,False,1.1,22,0.16,17,0.22,18,3,30,55
9,35,381,354,126,3.7944114,5.1493886,139.0901%,1,False,False,1.2,24,0.13,17,0.26,8,3,30,55
9,34,464,436,152,4.7671918,3.6378081999998,94.0167%,1,False,False,1.1,24,0.1,17,0.26,8,3,30,55
9,33,513,495,172,5.43766048,0.7345395200002,18.8017%,1,False,False,0.9,18,0.1,15,0.24,8,3,30,55
9,32,634,606,216,6.61457432,-5.9307743200002,-156.4082%,1,False,False,1,18,0.08,15,0.23,6,3,30,55
9,31,414,401,148,4.21770456,1.59189544,45.3499%,1,False,False,1.2,24,0.13,19,0.22,6,3,30,55
9,30,438,409,146,4.41907432,-7.5494743199994,-202.2958%,1,False,False,1.1,16,0.1,17,0.24,16,3,30,55
9,29,479,446,149,5.01362788,-10.5276278799994,-253.2873%,1,False,False,1,18,0.08,19,0.27,16,3,30,55
9,28,524,505,180,5.4727654,-4.4575653999998,-118.6173%,1,False,False,0.9,18,0.1,16,0.25,6,3,30,55
9,27,517,487,169,5.36779752,2.5802024800002,65.7468%,1,False,False,1.2,24,0.08,19,0.26,8,3,30,55
9,26,363,332,116,3.60656016,-4.4685601599992,-116.9388%,1,False,False,1.2,24,0.13,18,0.27,16,3,30,55
9,25,369,340,120,3.65014096,0.3674590399998,9.8344%,1,False,False,1.1,20,0.15,17,0.23,14,3,30,55
9,24,420,399,141,4.32486088,-3.9464608799988,-104.3864%,1,False,False,1.1,18,0.11,15,0.22,18,3,30,55
9,23,343,323,119,3.37122268,-2.3152226799996,-66.6134%,1,False,False,1,18,0.15,15,0.27,6,3,30,55
9,22,428,400,131,4.51937812,-6.1101781199998,-143.5747%,1,False,False,0.9,24,0.1,17,0.27,16,3,30,55
9,21,430,401,141,4.35355764,6.169842360001,162.1699%,1,False,False,1.2,24,0.12,19,0.26,8,3,30,55
9,20,440,403,138,4.43579132,-3.633791319999,-91.7069%,1,False,False,1,18,0.11,17,0.27,14,3,30,55
9,19,473,458,172,4.79920252,-3.7126025200006,-107.8386%,1,False,False,1.2,18,0.11,16,0.22,6,3,30,55
9,18,299,275,92,3.01541064,-4.164410640001,-103.7408%,1,False,False,1,20,0.16,16,0.27,18,3,30,55
9,17,392,364,131,3.88291476,3.2448852400002,89.0221%,1,False,False,1.2,22,0.13,17,0.26,8,3,30,55
9,16,321,301,103,3.28163896,-3.5278389600002,-90.2694%,1,False,False,1,18,0.15,15,0.23,18,3,30,55
9,15,346,317,106,3.50446228,-2.9446622799978,-72.5074%,1,False,False,1.1,22,0.14,18,0.27,18,3,30,55
9,14,398,362,122,3.98587396,0.6205260400006,15.4357%,1,False,False,1,22,0.13,16,0.27,14,3,30,55
9,13,429,409,143,4.44359216,6.1382078399996,160.2683%,1,False,False,1,24,0.13,19,0.24,8,3,30,55
9,12,388,377,137,3.98727772,-3.7952777199992,-105.9838%,1,False,False,0.9,18,0.14,17,0.22,6,3,30,55
9,11,348,330,114,3.5734088,1.8079912000002,46.9765%,1,False,False,1,22,0.15,15,0.22,14,3,30,55
9,10,305,281,96,3.06895368,-5.6285536799994,-143.7112%,1,False,False,1.2,24,0.15,16,0.27,16,3,30,55
9,9,454,416,146,4.54011908,-5.1911190799984,-135.38%,1,False,False,1.2,18,0.1,19,0.27,14,3,30,55
9,8,409,389,142,4.12076884,5.7666311600002,161.4108%,1,False,False,1.2,24,0.13,19,0.23,8,3,30,55
9,7,322,307,105,3.3275846,3.4176154000008,87.9319%,1,False,False,0.9,24,0.16,15,0.23,14,3,30,55
9,6,366,339,113,3.76523196,-6.4604319599998,-157.6181%,1,False,False,1,22,0.13,16,0.25,16,3,30,55
9,5,475,445,153,4.92927668,-8.2642766799994,-207.7249%,1,False,False,1.2,22,0.08,17,0.24,16,3,30,55
9,4,390,361,129,3.8787098,-6.719309799999,-181.6125%,1,False,False,1.1,18,0.12,15,0.23,16,3,30,55
9,3,526,497,173,5.46997644,-6.1897764399976,-158.3973%,1,False,False,1.2,18,0.08,15,0.22,14,3,30,55
9,2,289,275,93,3.00605304,-5.3822530400006,-135.989%,1,False,False,1,18,0.16,15,0.22,18,3,30,55
9,1,375,356,129,3.77271412,2.3408858799998,65.1253%,1,False,False,1,18,0.15,19,0.23,8,3,30,55
8,100,479,450,155,4.95366444,-0.02306444,-0.5846%,1,False,False,1.1,22,0.1,15,0.26,10,3,30,55
8,99,493,479,174,5.12009708,-1.7704970800002,-48.7259%,1,False,False,1,20,0.11,15,0.22,6,3,30,55
8,98,403,377,135,4.03693416,7.6834658400004,208.7854%,1,False,False,1.2,24,0.13,19,0.26,8,3,30,55
8,97,411,386,136,4.17217736,7.8622226399998,208.1363%,1,False,False,1.1,24,0.13,19,0.26,8,3,30,55
8,96,328,305,107,3.2727284,4.2968715999998,114.5961%,1,False,False,1.2,24,0.15,15,0.26,8,3,30,55
8,95,427,407,140,4.46504228,1.6517577200012,42.0224%,1,False,False,0.9,20,0.13,18,0.26,8,3,30,55
8,94,306,287,104,3.00611728,0.2502827200006,7.0751%,1,False,False,1.2,22,0.16,16,0.26,6,3,30,55
8,93,498,464,163,5.05556948,-3.2929694799998,-85.9815%,1,False,False,1.1,22,0.09,15,0.23,14,3,30,55
8,92,409,383,141,4.04181268,4.6099873200006,130.6957%,1,False,False,1.2,18,0.13,19,0.26,8,3,30,55
8,91,419,393,144,4.16239512,4.7620048800006,133.8205%,1,False,False,1.2,20,0.13,19,0.26,8,3,30,55
8,90,511,478,166,5.256578,-7.516178,-192.1126%,1,False,False,1.1,18,0.08,17,0.24,14,3,30,55
8,89,368,347,125,3.68616196,3.06563804,84.6047%,1,False,False,1.2,22,0.13,15,0.24,8,3,30,55
8,88,355,329,115,3.54841504,4.3067849599998,113.6631%,1,False,False,1.2,24,0.13,15,0.26,8,3,30,55
8,87,507,485,169,5.31121624,-0.9806162399996,-25.2559%,1,False,False,0.9,20,0.11,16,0.22,10,3,30,55
8,86,544,518,175,5.78929508,-4.9640950799998,-121.3348%,1,False,False,1,18,0.08,17,0.22,14,3,30,55
8,85,472,438,156,4.73245108,-3.1170510800006,-83.2851%,1,False,False,1.1,18,0.11,19,0.26,12,3,30,55
8,84,343,323,107,3.584758,-5.5217580000002,-134.1048%,1,False,False,1,24,0.14,17,0.24,18,3,30,55
8,83,377,362,122,4.00584736,-7.6376473599996,-188.9503%,1,False,False,0.9,20,0.14,18,0.22,16,3,30,55
8,82,586,555,194,6.11252692,-4.1623269200012,-106.7609%,1,False,False,1.1,20,0.08,19,0.23,10,3,30,55
8,81,527,502,180,5.42223488,-3.0028348799998,-80.6621%,1,False,False,1,20,0.1,17,0.27,6,3,30,55
8,80,472,448,165,4.7595124,2.1372876000002,60.0656%,1,False,False,1.2,18,0.11,18,0.24,8,3,30,55
8,79,466,444,154,4.8567388,-2.1845387999992,-56.1266%,1,False,False,0.9,20,0.12,18,0.24,10,3,30,55
8,78,568,539,189,5.92644608,-0.9208460800004,-23.7426%,1,False,False,1.1,20,0.08,18,0.26,8,3,30,55
8,77,419,393,144,4.16239512,4.7620048800006,133.8205%,1,False,False,1.2,20,0.13,19,0.26,8,3,30,55
8,76,475,456,160,4.9919962,-8.6557961999996,-224.6078%,1,False,False,1.1,22,0.09,17,0.22,16,3,30,55
8,75,321,304,104,3.29268072,0.3827192800006,9.8603%,1,False,False,0.9,22,0.16,15,0.22,14,3,30,55
8,74,400,380,127,4.21577016,4.4844298400016,109.6883%,1,False,False,0.9,24,0.13,17,0.26,8,3,30,55
8,73,408,389,135,4.2287494,3.6820506000008,95.4397%,1,False,False,1,24,0.13,16,0.22,10,3,30,55
8,72,475,440,151,4.87492148,-12.5503214799988,-314.8363%,1,False,False,1.1,16,0.08,18,0.25,16,3,30,55
8,71,305,287,99,3.1096252,-1.8652251999998,-48.4604%,1,False,False,1.1,24,0.16,17,0.23,18,3,30,55
8,70,466,443,149,4.93380424,4.09079576,100.0859%,1,False,False,0.9,24,0.11,19,0.26,8,3,30,55
8,69,567,552,199,5.95162324,-1.0118232400008,-27.3473%,1,False,False,1.1,22,0.09,15,0.22,6,3,30,55
8,68,433,402,144,4.31325156,-4.7514515600004,-128.7467%,1,False,False,1.1,16,0.12,18,0.25,12,3,30,55
8,67,311,288,98,3.13986644,-5.3518664400002,-136.2746%,1,False,False,1,16,0.15,15,0.24,18,3,30,55
8,66,427,415,156,4.32627348,-2.779273480001,-81.3466%,1,False,False,1.1,18,0.13,19,0.22,6,3,30,55
8,65,448,421,153,4.4852044,0.3879955999996,10.7382%,1,False,False,1.1,16,0.12,16,0.23,10,3,30,55
8,64,377,357,123,3.87978868,-0.2629886799996,-6.7801%,1,False,False,0.9,18,0.15,18,0.23,14,3,30,55
8,63,597,564,201,6.13647004,-0.7036700400004,-18.6239%,1,False,False,1,22,0.09,17,0.25,6,3,30,55
8,62,568,539,178,6.09829108,-6.48269108,-152.8983%,1,False,False,0.9,18,0.08,18,0.26,12,3,30,55
8,61,515,499,180,5.3735388,-1.1623388000008,-31.5113%,1,False,False,1.1,18,0.1,17,0.22,10,3,30,55
8,60,371,340,119,3.69057932,1.004020680001,26.3342%,1,False,False,1.2,24,0.13,19,0.26,18,3,30,55
8,59,477,438,152,4.81001016,-5.2648101600008,-134.8123%,1,False,False,1.1,20,0.09,19,0.27,14,3,30,55
8,58,409,383,141,4.04181268,4.6099873200006,130.6957%,1,False,False,1.2,18,0.13,19,0.26,8,3,30,55
8,57,551,519,184,5.64926032,0.4123396800022,10.8624%,1,False,False,1.2,24,0.08,15,0.26,6,3,30,55
8,56,402,380,137,4.07455648,-3.8473564799994,-105.0562%,1,False,False,1.2,20,0.12,16,0.22,16,3,30,55
8,55,415,392,137,4.2766776,-6.1240776000004,-159.1897%,1,False,False,1,16,0.12,19,0.23,16,3,30,55
8,54,417,398,135,4.39336936,5.8032306399994,144.7037%,1,False,False,0.9,24,0.13,19,0.26,8,3,30,55
8,53,403,377,135,4.03693416,7.6834658400004,208.7854%,1,False,False,1.2,24,0.13,19,0.26,8,3,30,55
8,52,576,541,182,6.06541952,-5.76681952,-139.8494%,1,False,False,1,20,0.08,15,0.24,12,3,30,55
8,51,363,338,117,3.67923352,-4.0440335199992,-104.6105%,1,False,False,1.1,20,0.13,16,0.24,18,3,30,55
8,50,427,394,136,4.33645324,-6.163453239998,-156.8132%,1,False,False,1.2,20,0.1,15,0.26,16,3,30,55
8,49,420,400,133,4.45512096,4.7002790399998,113.8359%,1,False,False,0.9,24,0.13,19,0.25,12,3,30,55
8,48,380,365,124,4.02235548,-3.6187554800002,-90.614%,1,False,False,1,22,0.13,17,0.22,18,3,30,55
8,47,354,328,116,3.50655108,0.0414489200006,1.1168%,1,False,False,1,16,0.15,15,0.27,10,3,30,55
8,46,583,549,189,6.09920584,1.4313941600006,35.8485%,1,False,False,1,18,0.08,17,0.27,8,3,30,55
8,45,648,629,218,6.9680542,-5.1340542000008,-129.6384%,1,False,False,0.9,20,0.08,17,0.24,6,3,30,55
8,44,340,318,111,3.43955884,-4.3681588399984,-114.8145%,1,False,False,1.1,16,0.15,19,0.23,18,3,30,55
8,43,499,474,175,5.02682304,-0.3888230400004,-10.9631%,1,False,False,1.2,22,0.11,18,0.23,6,3,30,55
8,42,434,416,142,4.5746076,3.2555924000002,81.9549%,1,False,False,0.9,24,0.13,19,0.23,12,3,30,55
8,41,355,333,114,3.63012788,6.4648721199996,165.2735%,1,False,False,1.1,24,0.15,18,0.27,8,3,30,55
8,40,425,406,140,4.43978456,2.815215439999,72.0126%,1,False,False,0.9,24,0.13,19,0.27,6,3,30,55
8,39,380,348,123,3.76303172,-0.0016317199988,-0.0434%,1,False,False,1.2,24,0.13,19,0.26,16,3,30,55
8,38,452,422,134,4.84086856,-8.7086685599998,-195.2208%,1,False,False,0.9,22,0.08,17,0.25,18,3,30,55
8,37,576,546,196,5.92696356,1.7620364400012,47.1108%,1,False,False,1.2,22,0.08,16,0.23,8,3,30,55
8,36,379,353,130,3.7121376,1.6078624000002,45.8291%,1,False,False,1.2,16,0.13,17,0.26,8,3,30,55
8,35,421,395,136,4.32428212,6.4537178799998,164.7487%,1,False,False,1,24,0.13,19,0.26,8,3,30,55
8,34,390,368,132,3.94791564,-2.7953156399996,-75.9408%,1,False,False,1.2,20,0.12,15,0.22,18,3,30,55
8,33,352,323,113,3.47530028,1.43549972,38.0281%,1,False,False,1,22,0.16,19,0.24,14,3,30,55
8,32,419,393,144,4.16239512,4.7620048800006,133.8205%,1,False,False,1.2,20,0.13,19,0.26,8,3,30,55
8,31,370,338,116,3.70224732,-3.1636473199988,-80.6265%,1,False,False,1.1,18,0.13,18,0.26,18,3,30,55
8,30,369,355,118,3.95143384,-4.59683384,-111.5315%,1,False,False,0.9,24,0.14,18,0.22,18,3,30,55
8,29,424,405,141,4.41607932,3.0775206799998,79.7449%,1,False,False,0.9,18,0.13,19,0.27,8,3,30,55
8,28,546,516,180,5.67313164,-0.70373164,-18.0579%,1,False,False,1.2,24,0.08,18,0.23,10,3,30,55
8,27,523,488,175,5.28473372,2.4606662800006,65.9642%,1,False,False,1.2,22,0.09,19,0.26,8,3,30,55
8,26,407,376,133,4.0521796,6.0042204000002,160.1116%,1,False,False,1.2,24,0.13,19,0.26,12,3,30,55
8,25,362,337,116,3.66601064,3.925989359999,101.0933%,1,False,False,1.1,24,0.13,15,0.27,8,3,30,55
8,24,401,388,142,4.10777248,2.5226275200002,70.8527%,1,False,False,1.1,18,0.14,19,0.22,8,3,30,55
8,23,477,453,150,5.10643284,-4.80203284,-114.1763%,1,False,False,0.9,22,0.09,18,0.23,18,3,30,55
8,22,385,352,124,3.7871664,-1.1751664000006,-31.2995%,1,False,False,1.1,16,0.13,16,0.26,14,3,30,55
8,21,445,417,147,4.51215248,2.1804475200006,57.6309%,1,False,False,1,20,0.12,15,0.23,14,3,30,55
8,20,427,407,151,4.28180916,3.8799908400004,111.091%,1,False,False,1.2,20,0.13,19,0.24,8,3,30,55
8,19,458,430,149,4.71518636,3.9998136399996,102.4644%,1,False,False,1.1,24,0.1,17,0.27,8,3,30,55
8,18,486,454,157,4.98454884,0.5130511600008,13.0893%,1,False,False,1,20,0.11,15,0.25,10,3,30,55
8,17,450,417,143,4.60840356,-9.5502035599984,-240.1805%,1,False,False,1.1,18,0.09,15,0.25,16,3,30,55
8,16,363,347,113,3.88136296,4.1064370399996,97.2067%,1,False,False,0.9,24,0.15,17,0.25,12,3,30,55
8,15,384,355,125,3.82010164,-3.1747016400004,-84.4817%,1,False,False,1.1,16,0.13,17,0.27,14,3,30,55
8,14,352,329,120,3.46340312,-3.0194031200006,-85.2399%,1,False,False,1.1,20,0.15,16,0.25,6,3,30,55
8,13,507,481,171,5.21595876,-7.1365587599998,-189.3911%,1,False,False,1.1,16,0.09,16,0.22,14,3,30,55
8,12,378,351,117,3.90648632,-2.385086320001,-58.043%,1,False,False,1,24,0.13,19,0.26,18,3,30,55
8,11,437,410,142,4.4702356,-1.8536355999986,-47.7645%,1,False,False,0.9,16,0.12,15,0.27,12,3,30,55
8,10,555,533,185,5.8730496,-1.2288495999998,-31.2959%,1,False,False,0.9,20,0.1,18,0.23,10,3,30,55
8,9,319,302,101,3.30697968,5.3468203199998,133.1691%,1,False,False,0.9,24,0.16,16,0.26,14,3,30,55
8,8,392,365,130,3.91769688,5.69950312,153.7558%,1,False,False,1.2,24,0.13,18,0.26,8,3,30,55
8,7,537,513,177,5.654663,0.460537000001,11.6583%,1,False,False,1,24,0.09,17,0.22,12,3,30,55
8,6,443,425,147,4.67981364,-6.1030136400002,-155.3666%,1,False,False,1,18,0.11,16,0.22,16,3,30,55
8,5,403,377,135,4.03693416,7.6834658400004,208.7854%,1,False,False,1.2,24,0.13,19,0.26,8,3,30,55
8,4,376,350,114,3.9390222,-5.1154221999996,-120.2718%,1,False,False,0.9,24,0.13,16,0.26,16,3,30,55
8,3,362,333,114,3.62893456,4.6694654399998,119.4147%,1,False,False,1.1,24,0.15,18,0.25,14,3,30,55
8,2,396,374,136,3.9608908,-2.3734908000004,-66.2421%,1,False,False,1,18,0.14,18,0.26,6,3,30,55
8,1,414,382,132,4.19238252,-4.7813825199992,-122.1959%,1,False,False,1.1,18,0.1,17,0.25,18,3,30,55
7,100,448,418,145,4.58699992,-7.4173999200002,-190.0517%,1,False,False,1.1,16,0.09,18,0.24,18,3,30,55
7,99,426,398,150,4.14234884,-2.05614884,-60.475%,1,False,False,1.2,18,0.12,16,0.26,6,3,30,55
7,98,398,370,124,4.11372912,-8.2787291199994,-202.577%,1,False,False,0.9,16,0.12,16,0.26,16,3,30,55
7,97,517,487,169,5.36779752,2.5802024800002,65.7468%,1,False,False,1.2,24,0.08,19,0.26,8,3,30,55
7,96,477,448,161,4.827855,-0.3420549999994,-9.2439%,1,False,False,1.2,20,0.11,18,0.25,10,3,30,55
7,95,524,490,169,5.4066578,-1.091857799999,-27.6168%,1,False,False,1,20,0.1,17,0.26,10,3,30,55
7,94,404,372,131,4.01307532,0.2899246799994,7.6904%,1,False,False,1.1,22,0.12,15,0.25,14,3,30,55
7,93,436,413,141,4.5631814,-4.0759813999996,-102.1047%,1,False,False,0.9,18,0.11,15,0.23,18,3,30,55
7,92,459,426,148,4.65272496,0.7790750400016,20.0918%,1,False,False,1,20,0.12,16,0.25,10,3,30,55
7,91,409,389,142,4.12076884,5.7666311600002,161.4108%,1,False,False,1.2,24,0.13,19,0.23,8,3,30,55
7,90,403,377,135,4.03693416,7.6834658400004,208.7854%,1,False,False,1.2,24,0.13,19,0.26,8,3,30,55
7,89,340,309,110,3.28812396,0.6680760400004,18.2287%,1,False,False,1.1,16,0.16,19,0.27,14,3,30,55
7,88,640,611,216,6.69757004,-2.1427700400006,-55.7963%,1,False,False,1,22,0.08,15,0.23,6,3,30,55
7,87,436,417,143,4.57505844,2.0665415600016,52.3899%,1,False,False,0.9,22,0.13,17,0.22,10,3,30,55
7,86,482,451,144,5.1841682,-9.2685682000012,-208.3252%,1,False,False,0.9,22,0.08,16,0.26,16,3,30,55
7,85,514,487,163,5.4484002,-2.4656001999996,-59.6784%,1,False,False,0.9,22,0.09,17,0.24,14,3,30,55
7,84,339,321,116,3.38718368,1.5062163200004,42.0405%,1,False,False,1,22,0.16,18,0.25,6,3,30,55
7,83,524,500,168,5.5812532,-3.297453199999,-80.2762%,1,False,False,0.9,22,0.09,18,0.24,12,3,30,55
7,82,459,438,150,4.82475536,2.255844640001,56.8346%,1,False,False,0.9,24,0.12,19,0.23,10,3,30,55
7,81,554,529,187,5.7751508,-4.4787507999994,-117.2659%,1,False,False,1.2,18,0.08,16,0.22,12,3,30,55
7,80,425,395,137,4.2975342,5.0336658000004,130.2658%,1,False,False,1,24,0.13,17,0.23,14,3,30,55
7,79,523,495,173,5.41765016,0.6573498400002,16.9841%,1,False,False,1,24,0.1,19,0.26,6,3,30,55
7,78,403,381,139,4.03622064,-0.3214206400002,-8.9946%,1,False,False,1.2,20,0.13,17,0.24,12,3,30,55
7,77,371,345,124,3.67117604,-0.9553760400002,-26.2639%,1,False,False,1.2,20,0.14,16,0.24,12,3,30,55
7,76,356,338,111,3.77139776,-5.5799977599996,-133.5241%,1,False,False,0.9,22,0.13,15,0.23,18,3,30,55
7,75,469,435,150,4.78185052,-0.8998505199978,-22.8778%,1,False,False,1,18,0.12,19,0.26,10,3,30,55
7,74,561,522,177,5.82428724,-4.2890872399998,-105.3769%,1,False,False,1,18,0.08,18,0.27,12,3,30,55
7,73,394,373,134,3.98380232,5.55259768,151.798%,1,False,False,1.2,24,0.13,18,0.24,8,3,30,55
7,72,599,570,198,6.31375084,-0.4733508399996,-11.9944%,1,False,False,1,18,0.08,16,0.23,8,3,30,55
7,71,344,320,115,3.39501312,1.05258688,29.0631%,1,False,False,1.2,22,0.15,15,0.23,10,3,30,55
7,70,336,315,112,3.36069408,1.2957059199994,35.2095%,1,False,False,1.1,20,0.15,15,0.25,8,3,30,55
7,69,386,359,132,3.78157888,2.1608211200002,61.366%,1,False,False,1.2,18,0.13,17,0.26,8,3,30,55
7,68,421,395,136,4.32428212,6.4537178799998,164.7487%,1,False,False,1,24,0.13,19,0.26,8,3,30,55
7,67,394,377,126,4.18578692,5.3194130800004,130.0316%,1,False,False,0.9,24,0.14,19,0.26,8,3,30,55
7,66,329,305,103,3.35198952,-8.373389520001,-209.6285%,1,False,False,1,18,0.15,19,0.27,16,3,30,55
7,65,437,416,146,4.54534356,-5.1087435600002,-133.0398%,1,False,False,1.2,16,0.1,19,0.22,18,3,30,55
7,64,403,377,135,4.036942,7.6442580000004,207.72%,1,False,False,1.2,24,0.13,19,0.26,8,3,30,55
7,63,418,382,130,4.23047848,-5.5708784800002,-138.9202%,1,False,False,1.2,22,0.09,19,0.26,18,3,30,55
7,62,360,340,123,3.60122548,-2.4542254800002,-68.2552%,1,False,False,1.1,20,0.15,17,0.25,6,3,30,55
7,61,394,369,128,4.00868696,4.3305130399998,112.3652%,1,False,False,1.1,24,0.14,18,0.23,10,3,30,55
7,60,426,403,137,4.46047332,-3.6548733199992,-91.0381%,1,False,False,0.9,24,0.12,17,0.23,16,3,30,55
7,59,450,426,146,4.70813084,-3.9625308399998,-99.572%,1,False,False,1,24,0.1,17,0.24,16,3,30,55
7,58,363,337,115,3.68218576,0.9376142399996,23.8325%,1,False,False,1,22,0.15,19,0.26,12,3,30,55
7,57,517,487,169,5.36779752,2.5802024800002,65.7468%,1,False,False,1.2,24,0.08,19,0.26,8,3,30,55
7,56,589,563,191,6.29520964,-5.2372096399994,-128.3731%,1,False,False,1,20,0.08,19,0.22,12,3,30,55
7,55,319,292,96,3.25116968,-3.1727696800004,-76.3856%,1,False,False,1.1,22,0.14,15,0.26,18,3,30,55
7,54,589,556,198,6.0537334,-1.5053334000006,-39.7882%,1,False,False,1,22,0.09,19,0.25,6,3,30,55
7,53,419,393,144,4.16239512,4.7620048800006,133.8205%,1,False,False,1.2,20,0.13,19,0.26,8,3,30,55
7,52,524,490,169,5.4066578,-1.091857799999,-27.6168%,1,False,False,1,20,0.1,17,0.26,10,3,30,55
7,51,381,346,119,3.79076568,-4.7327656799986,-120.7774%,1,False,False,1.1,18,0.12,18,0.26,18,3,30,55
7,50,406,387,144,4.05609016,2.6099098400004,75.2977%,1,False,False,1.2,16,0.13,19,0.24,8,3,30,55
7,49,408,388,141,4.12076124,6.4858387600002,180.2633%,1,False,False,1.2,24,0.13,19,0.24,8,3,30,55
7,48,385,373,132,4.00477696,-3.4113769599992,-91.3799%,1,False,False,0.9,20,0.14,16,0.23,6,3,30,55
7,47,313,289,105,3.0323008,-1.9819007999994,-56.0644%,1,False,False,1.2,16,0.16,15,0.25,10,3,30,55
7,46,383,358,128,3.82211888,1.7726811199998,48.2732%,1,False,False,1.2,24,0.13,16,0.27,6,3,30,55
7,45,437,418,144,4.60715736,-2.6017573600004,-65.9255%,1,False,False,1,18,0.11,19,0.22,18,3,30,55
7,44,353,323,112,3.49422432,-2.2706243200006,-59.2893%,1,False,False,1.1,16,0.14,15,0.25,14,3,30,55
7,43,432,398,142,4.29271984,-3.054319839999,-82.0071%,1,False,False,1.2,18,0.11,16,0.25,14,3,30,55
7,42,289,266,94,2.83853396,-3.6939339599986,-100.0289%,1,False,False,1.2,24,0.16,16,0.23,16,3,30,55
7,41,551,519,184,5.64926032,0.4123396800022,10.8624%,1,False,False,1.2,24,0.08,15,0.26,6,3,30,55
7,40,501,465,157,5.16704096,-0.9606409599998,-23.629%,1,False,False,1.1,24,0.08,17,0.26,12,3,30,55
7,39,604,570,204,6.19442892,-1.9552289200002,-52.029%,1,False,False,1,20,0.09,17,0.27,6,3,30,55
7,38,412,377,128,4.18004112,-5.26364112,-130.821%,1,False,False,1.2,22,0.09,19,0.27,18,3,30,55
7,37,414,387,140,4.12541108,5.7963889200006,159.7964%,1,False,False,1.2,22,0.13,19,0.26,8,3,30,55
7,36,380,364,124,3.98408108,-1.2064810799988,-30.5226%,1,False,False,0.9,20,0.14,16,0.22,14,3,30,55
7,35,377,349,116,3.88602708,-2.87042708,-69.6253%,1,False,False,1,24,0.13,18,0.25,18,3,30,55
7,34,520,498,171,5.5061104,2.5904895999998,65.0859%,1,False,False,0.9,24,0.1,16,0.22,10,3,30,55
7,33,387,371,126,4.09274596,-6.4483459599984,-161.2067%,1,False,False,0.9,18,0.13,17,0.23,16,3,30,55
7,32,470,444,149,4.97160504,-4.0298050400004,-97.7937%,1,False,False,1,24,0.09,19,0.23,18,3,30,55
7,31,355,331,111,3.64377048,0.6556295199994,16.257%,1,False,False,1,22,0.15,17,0.25,12,3,30,55
7,30,424,391,134,4.27905904,2.6071409600012,66.2646%,1,False,False,1,24,0.12,15,0.25,12,3,30,55
7,29,316,295,100,3.23916288,-1.6507628799986,-41.5548%,1,False,False,1.2,24,0.15,19,0.27,18,3,30,55
7,28,484,456,164,4.9039118,-2.051711800001,-55.5882%,1,False,False,1.1,20,0.11,18,0.24,12,3,30,55
7,27,438,401,139,4.38751556,-2.2257155600004,-57.2127%,1,False,False,1.1,22,0.1,17,0.27,14,3,30,55
7,26,446,421,144,4.62745256,3.194347440001,80.604%,1,False,False,0.9,24,0.12,18,0.23,14,3,30,55
7,25,465,442,153,4.8367132,-3.3781131999996,-86.5918%,1,False,False,0.9,16,0.11,19,0.24,14,3,30,55
7,24,412,386,140,4.098983,3.9856170000002,110.5655%,1,False,False,1.2,24,0.13,19,0.26,6,3,30,55
7,23,433,401,146,4.26890628,-1.7415062799994,-48.352%,1,False,False,1.2,16,0.12,18,0.26,10,3,30,55
7,22,431,398,131,4.47792792,-5.4309279199998,-128.8136%,1,False,False,1,22,0.09,17,0.26,18,3,30,55
7,21,475,449,150,5.0093018,1.4710982000004,35.6752%,1,False,False,0.9,24,0.1,15,0.24,14,3,30,55
7,20,371,359,125,3.8903216,0.330678399999,8.6382%,1,False,False,0.9,22,0.15,19,0.26,6,3,30,55
7,19,368,352,118,3.88133152,1.15086848,28.4513%,1,False,False,0.9,22,0.15,17,0.23,12,3,30,55
7,18,291,271,95,2.90874116,-2.9469411599986,-78.6549%,1,False,False,1.2,16,0.16,18,0.27,18,3,30,55
7,17,502,474,170,5.10888104,-3.5064810400002,-94.4869%,1,False,False,1.1,18,0.1,15,0.23,12,3,30,55
7,16,403,375,135,4.0061792,3.7854208000002,103.6763%,1,False,False,1.2,22,0.13,18,0.26,8,3,30,55
7,15,414,387,140,4.12541108,5.7963889200006,159.7964%,1,False,False,1.2,22,0.13,19,0.26,8,3,30,55
7,14,399,377,135,4.03688552,7.2783144800004,197.7803%,1,False,False,1.2,24,0.13,19,0.25,8,3,30,55
7,13,344,312,111,3.32390348,1.7590965200004,47.9064%,1,False,False,1.1,18,0.16,19,0.26,14,3,30,55
7,12,403,377,135,4.03693416,7.6834658400004,208.7854%,1,False,False,1.2,24,0.13,19,0.26,8,3,30,55
7,11,459,427,144,4.7338164,2.3735836000006,58.5169%,1,False,False,1,24,0.11,15,0.25,12,3,30,55
7,10,483,464,171,4.92866096,-2.2546609599998,-63.3768%,1,False,False,1.2,16,0.11,18,0.22,10,3,30,55
7,9,344,331,118,3.5283442,-1.4691442,-40.0201%,1,False,False,0.9,20,0.16,19,0.27,6,3,30,55
7,8,500,472,166,5.14814744,-1.78094744,-46.4974%,1,False,False,1.1,20,0.1,15,0.25,10,3,30,55
7,7,396,361,125,3.95593844,-2.0045384399986,-51.4567%,1,False,False,1.2,22,0.12,19,0.26,16,3,30,55
7,6,350,328,118,3.47521344,1.2937865599996,35.7906%,1,False,False,1,20,0.16,17,0.23,10,3,30,55
7,5,318,305,108,3.24680976,2.6373902399996,71.5751%,1,False,False,1,22,0.16,16,0.22,8,3,30,55
7,4,490,466,152,5.29949552,-5.7684955200006,-133.8655%,1,False,False,0.9,22,0.08,19,0.23,18,3,30,55
7,3,438,409,150,4.33499228,-1.9787922800002,-55.5707%,1,False,False,1.2,18,0.12,18,0.24,12,3,30,55
7,2,505,470,166,5.11858928,-3.5733892800012,-93.8314%,1,False,False,1.1,22,0.09,19,0.23,14,3,30,55
7,1,347,322,117,3.39329772,-0.5214977199996,-14.6573%,1,False,False,1.1,18,0.16,19,0.22,14,3,30,55
6,100,483,460,157,5.11428296,-6.1996829599994,-154.0677%,1,False,False,0.9,18,0.1,18,0.22,16,3,30,55
6,99,394,370,126,4.08286716,-5.0688671600006,-127.0195%,1,False,False,1,20,0.13,19,0.25,16,3,30,55
6,98,456,421,146,4.59825316,-1.6006531599988,-41.2102%,1,False,False,1,20,0.12,17,0.26,12,3,30,55
6,97,383,372,134,3.95104192,-4.4736419199992,-123.3188%,1,False,False,0.9,18,0.14,17,0.24,6,3,30,55
6,96,411,385,141,4.07176752,1.9790324800008,55.6803%,1,False,False,1.2,16,0.13,19,0.26,10,3,30,55
6,95,543,515,175,5.73094944,-5.1791494399998,-127.8924%,1,False,False,0.9,16,0.09,16,0.22,14,3,30,55
6,94,498,472,170,5.0880962,0.3181037999996,8.6084%,1,False,False,1.1,20,0.1,17,0.25,8,3,30,55
6,93,623,592,207,6.51995932,-2.011559320001,-51.5729%,1,False,False,1,22,0.08,18,0.25,6,3,30,55
6,92,357,347,122,3.73468016,1.8983198400004,50.4687%,1,False,False,0.9,16,0.15,17,0.23,8,3,30,55
6,91,359,340,111,3.81875692,-3.9451569200004,-93.2185%,1,False,False,0.9,18,0.14,19,0.27,18,3,30,55
6,90,484,460,171,4.84991088,-2.46471088,-70.4206%,1,False,False,1.2,20,0.11,17,0.24,6,3,30,55
6,89,389,370,136,3.8865434,-2.8697434,-81.6462%,1,False,False,1,18,0.14,17,0.23,6,3,30,55
6,88,298,274,94,2.97892704,-5.9509270399992,-153.3722%,1,False,False,1.2,22,0.15,15,0.27,16,3,30,55
6,87,452,430,148,4.74173276,-7.6541327599994,-193.548%,1,False,False,0.9,18,0.1,16,0.24,16,3,30,55
6,86,487,464,166,5.00994856,1.9852514400004,53.2819%,1,False,False,1.2,24,0.1,18,0.24,10,3,30,55
6,85,451,421,148,4.58068456,4.9793154400004,130.4759%,1,False,False,1.2,24,0.11,19,0.26,8,3,30,55
6,84,523,489,169,5.3962656,-4.3586656000006,-110.4527%,1,False,False,1.1,22,0.08,18,0.23,14,3,30,55
6,83,445,411,138,4.56767904,3.2041209600002,78.4986%,1,False,False,1,24,0.11,15,0.26,14,3,30,55
6,82,414,396,139,4.27833252,-0.1879325199986,-4.9571%,1,False,False,0.9,16,0.13,16,0.23,10,3,30,55
6,81,465,441,158,4.75378092,4.2884190800002,115.5407%,1,False,False,1.2,24,0.11,19,0.23,8,3,30,55
6,80,405,376,129,4.10826496,4.1551350399994,105.9877%,1,False,False,1,24,0.14,18,0.23,14,3,30,55
6,79,344,321,115,3.40906412,0.7793358800004,21.4262%,1,False,False,1,16,0.16,18,0.26,10,3,30,55
6,78,391,358,123,3.90043168,-1.24103168,-31.819%,1,False,False,1,18,0.14,18,0.26,14,3,30,55
6,77,308,291,97,3.20817252,-3.4313725200004,-84.6171%,1,False,False,0.9,18,0.16,17,0.25,18,3,30,55
6,76,336,322,107,3.56665464,-7.3424546399992,-179.2675%,1,False,False,0.9,16,0.14,16,0.23,18,3,30,55
6,75,421,395,136,4.32428212,6.4537178799998,164.7487%,1,False,False,1,24,0.13,19,0.26,8,3,30,55
6,74,517,487,169,5.36780928,2.5213907200002,64.2482%,1,False,False,1.2,24,0.08,19,0.26,8,3,30,55
6,73,516,489,162,5.53256812,-11.8109681200002,-279.6832%,1,False,False,0.9,16,0.08,18,0.23,16,3,30,55
6,72,362,341,122,3.63569276,5.3125072400004,145.1155%,1,False,False,1.2,24,0.15,19,0.23,8,3,30,55
6,71,481,452,155,5.01946836,-13.8496683599984,-346.2739%,1,False,False,1.1,16,0.08,15,0.23,16,3,30,55
6,70,341,328,110,3.60529928,4.078900720001,101.3162%,1,False,False,0.9,24,0.15,15,0.25,8,3,30,55
6,69,409,389,142,4.12076884,5.7666311600002,161.4108%,1,False,False,1.2,24,0.13,19,0.23,8,3,30,55
6,68,403,377,135,4.03693416,7.6834658400004,208.7854%,1,False,False,1.2,24,0.13,19,0.26,8,3,30,55
6,67,354,332,121,3.49979404,1.96640596,55.3916%,1,False,False,1.2,18,0.14,15,0.24,8,3,30,55
6,66,569,535,192,5.80359372,-2.1129937199994,-56.5276%,1,False,False,1.2,18,0.08,16,0.24,10,3,30,55
6,65,567,544,189,5.9932596,0.5563403999992,14.1802%,1,False,False,1.1,24,0.08,17,0.22,10,3,30,55
6,64,410,390,146,4.06609996,-2.4034999600002,-70.1288%,1,False,False,1.1,16,0.14,19,0.25,6,3,30,55
6,63,397,372,132,4.00072016,3.1764798399998,85.1812%,1,False,False,1.1,22,0.13,17,0.25,8,3,30,55
6,62,331,309,112,3.25713396,0.3198660400006,8.973%,1,False,False,1.2,16,0.16,18,0.25,12,3,30,55
6,61,419,397,137,4.34174056,6.45845944,165.4008%,1,False,False,1,24,0.13,19,0.25,8,3,30,55
6,60,393,363,130,3.8753292,0.1962707999996,5.3538%,1,False,False,1.1,16,0.13,16,0.26,10,3,30,55
6,59,391,369,136,3.87494848,-1.3517484800004,-38.5764%,1,False,False,1.1,18,0.14,18,0.27,6,3,30,55
6,58,438,415,150,4.4278756,2.997324399999,82.3788%,1,False,False,1.1,24,0.12,16,0.23,6,3,30,55
6,57,440,416,146,4.53308016,-7.776280159998,-203.0491%,1,False,False,1.1,20,0.1,15,0.24,16,3,30,55
6,56,440,407,138,4.51982088,-7.3086208799984,-180.8851%,1,False,False,1.1,22,0.09,16,0.27,16,3,30,55
6,55,301,287,100,3.08829248,-6.195292480001,-163.7302%,1,False,False,1,20,0.16,16,0.22,16,3,30,55
6,54,541,513,182,5.57229924,0.2091007599992,5.5243%,1,False,False,1.1,22,0.09,15,0.27,6,3,30,55
6,53,482,460,156,5.09378932,3.199010680001,79.3385%,1,False,False,0.9,24,0.11,15,0.22,12,3,30,55
6,52,445,424,153,4.52859876,-3.048198759999,-83.5298%,1,False,False,0.9,18,0.12,16,0.25,6,3,30,55
6,51,407,376,133,4.0521796,6.0042204000002,160.1116%,1,False,False,1.2,24,0.13,19,0.26,12,3,30,55
6,50,568,536,183,5.96184044,-1.3294404400002,-32.9859%,1,False,False,0.9,16,0.09,16,0.27,10,3,30,55
6,49,412,386,129,4.285039,1.884961,46.0714%,1,False,False,0.9,20,0.14,19,0.27,14,3,30,55
6,48,439,414,141,4.58899596,-7.8333959599994,-195.0744%,1,False,False,0.9,16,0.1,16,0.25,16,3,30,55
6,47,425,390,143,4.12779696,1.0858030400004,30.5535%,1,False,False,1.2,20,0.12,15,0.26,10,3,30,55
6,46,375,348,123,3.74248528,5.3959147199998,144.2859%,1,False,False,1.2,24,0.13,16,0.26,8,3,30,55
6,45,421,392,139,4.22081652,1.908983479999,51.0522%,1,False,False,1.1,22,0.13,18,0.23,14,3,30,55
6,44,313,293,111,2.9916338,-1.6126338000002,-48.8958%,1,False,False,1.1,18,0.16,16,0.23,6,3,30,55
6,43,466,447,155,4.9193838,-6.2725838,-160.074%,1,False,False,1,18,0.1,15,0.22,16,3,30,55
6,42,408,381,139,4.04316324,2.7510367600002,76.8624%,1,False,False,1.2,20,0.13,18,0.26,8,3,30,55
6,41,488,448,150,4.99959016,1.054209840001,25.6159%,1,False,False,1,24,0.09,17,0.26,14,3,30,55
6,40,543,510,171,5.71978504,-3.1327850399996,-75.7415%,1,False,False,1,20,0.08,18,0.24,14,3,30,55
6,39,437,409,146,4.39640812,2.6783918800014,72.1843%,1,False,False,1,20,0.12,15,0.25,8,3,30,55
6,38,386,366,123,4.03185004,3.1673499600012,78.5164%,1,False,False,0.9,24,0.14,17,0.23,14,3,30,55
6,37,408,388,141,4.12076124,6.4858387600002,180.2633%,1,False,False,1.2,24,0.13,19,0.24,8,3,30,55
6,36,452,424,150,4.5980108,4.5555892000004,120.5264%,1,False,False,1.2,24,0.11,19,0.25,8,3,30,55
6,35,368,345,122,3.69576972,0.167630279999,4.5021%,1,False,False,1.1,24,0.14,17,0.25,6,3,30,55
6,34,393,363,127,3.92538388,-2.1451838800006,-56.4195%,1,False,False,1.1,20,0.13,17,0.27,14,3,30,55
6,33,345,331,114,3.61065328,-4.566453280001,-117.3233%,1,False,False,1,24,0.15,18,0.22,16,3,30,55
6,32,369,340,123,3.59690512,-1.58130512,-44.0276%,1,False,False,1.2,18,0.14,17,0.23,14,3,30,55
6,31,499,461,154,5.14305856,0.9967414400004,24.1608%,1,False,False,1,24,0.09,16,0.27,12,3,30,55
6,30,377,350,128,3.69485284,2.33374716,65.8035%,1,False,False,1.2,18,0.13,16,0.26,8,3,30,55
6,29,454,420,140,4.708906,-6.628306,-159.6642%,1,False,False,1,20,0.09,19,0.25,18,3,30,55
6,28,541,514,181,5.62118828,3.6666117199998,95.506%,1,False,False,1.2,24,0.08,17,0.24,8,3,30,55
6,27,333,302,103,3.30110436,-9.1133043599992,-231.6997%,1,False,False,1.1,18,0.13,15,0.27,16,3,30,55
6,26,416,390,136,4.2380096,5.7307904,149.3052%,1,False,False,1.1,24,0.13,19,0.26,10,3,30,55
6,25,514,484,161,5.428288,-3.2896879999994,-78.9397%,1,False,False,0.9,22,0.09,18,0.25,12,3,30,55
6,24,499,475,161,5.28301288,-4.6380128799992,-114.4065%,1,False,False,0.9,18,0.1,19,0.23,14,3,30,55
6,23,408,388,141,4.12076124,6.4858387600002,180.2633%,1,False,False,1.2,24,0.13,19,0.24,8,3,30,55
6,22,406,379,135,4.07118304,5.6272169600006,151.5892%,1,False,False,1.2,24,0.13,19,0.26,10,3,30,55
6,21,476,448,159,4.85930004,0.4636999600002,12.2959%,1,False,False,1.1,18,0.1,15,0.26,8,3,30,55
6,20,389,362,127,3.9140124,2.9039875999992,76.6087%,1,False,False,1.1,22,0.13,16,0.27,8,3,30,55
6,19,530,516,184,5.58281868,-5.9432186800002,-158.4662%,1,False,False,0.9,16,0.1,15,0.24,6,3,30,55
6,18,391,367,124,4.0367486,-1.2755485999988,-31.8337%,1,False,False,0.9,18,0.13,15,0.26,10,3,30,55
6,17,421,395,136,4.32425508,6.9729449199998,178.0034%,1,False,False,1,24,0.13,19,0.27,8,3,30,55
6,16,392,357,120,3.96289304,-3.742093039999,-92.0518%,1,False,False,1.1,22,0.1,17,0.27,18,3,30,55
6,15,419,384,138,4.10737176,3.4582282400006,94.3937%,1,False,False,1.2,20,0.13,19,0.26,14,3,30,55
6,14,421,392,134,4.3245288,-5.0455287999998,-126.8307%,1,False,False,1,16,0.1,18,0.25,18,3,30,55
6,13,435,410,148,4.38680636,0.0989936399998,2.7105%,1,False,False,1.2,20,0.12,18,0.22,14,3,30,55
6,12,404,382,127,4.2434988,1.3187012000006,32.0466%,1,False,False,0.9,22,0.14,18,0.24,14,3,30,55
6,11,391,362,126,3.94601164,-6.124611639999,-158.8582%,1,False,False,1.1,24,0.12,18,0.24,16,3,30,55
6,10,376,359,121,3.94730192,0.0660980800012,1.6472%,1,False,False,0.9,22,0.14,16,0.22,14,3,30,55
6,9,568,538,178,6.07963124,-7.42683124,-175.7094%,1,False,False,0.9,18,0.08,18,0.25,12,3,30,55
6,8,369,343,125,3.61666692,0.8539330800004,24.0283%,1,False,False,1.2,18,0.15,18,0.23,12,3,30,55
6,7,359,338,113,3.74616724,-5.446167240001,-133.5803%,1,False,False,1,20,0.14,18,0.25,18,3,30,55
6,6,503,482,168,5.27586016,-3.756860159999,-96.8355%,1,False,False,0.9,16,0.11,17,0.22,12,3,30,55
6,5,403,376,133,4.05212312,5.6382768800002,150.3563%,1,False,False,1.2,24,0.13,19,0.25,12,3,30,55
6,4,635,607,204,6.83804276,-3.2580427600018,-78.4697%,1,False,False,0.9,18,0.08,15,0.22,10,3,30,55
6,3,386,360,124,3.91155264,1.1826473600006,30.4687%,1,False,False,1,24,0.13,15,0.27,6,3,30,55
6,2,460,435,155,4.6989098,1.2896902000004,34.4848%,1,False,False,1.2,24,0.11,17,0.23,10,3,30,55
6,1,414,390,132,4.29978076,-2.0885807599984,-52.0467%,1,False,False,0.9,16,0.13,17,0.26,12,3,30,55
5,100,323,309,107,3.353453,-3.7508530000006,-97.5343%,1,False,False,1.1,20,0.15,16,0.22,18,3,30,55
5,99,405,392,143,4.15557664,4.8160233600002,134.5989%,1,False,False,1.2,24,0.13,19,0.22,8,3,30,55
5,98,381,354,126,3.7944114,5.1493886,139.0901%,1,False,False,1.2,24,0.13,17,0.26,8,3,30,55
5,97,376,357,132,3.72867388,-3.7886738800008,-109.1492%,1,False,False,1,16,0.15,18,0.24,6,3,30,55
5,96,454,424,135,4.86092384,-7.9627238399996,-179.0834%,1,False,False,0.9,22,0.08,18,0.26,18,3,30,55
5,95,343,315,112,3.36019528,0.32620472,8.8647%,1,False,False,1.2,20,0.15,15,0.26,10,3,30,55
5,94,322,295,100,3.2338798,-3.5754798000006,-90.1528%,1,False,False,1,20,0.16,19,0.26,18,3,30,55
5,93,420,404,150,4.2463296,1.2956704000002,37.1679%,1,False,False,1.2,16,0.12,17,0.22,8,3,30,55
5,92,562,525,176,5.88991504,-4.6625150399998,-112.6238%,1,False,False,1,20,0.08,17,0.26,12,3,30,55
5,91,354,333,113,3.6579104,-6.0417104,-151.8232%,1,False,False,1,22,0.14,17,0.23,16,3,30,55
5,90,465,434,154,4.70052396,-7.0295239600006,-186.6695%,1,False,False,1.1,16,0.1,19,0.24,14,3,30,55
5,89,392,374,125,4.15108164,3.40971836,83.3965%,1,False,False,0.9,22,0.14,18,0.26,8,3,30,55
5,88,547,528,189,5.71761136,3.2895886399996,87.9519%,1,False,False,1.1,22,0.09,15,0.22,8,3,30,55
5,87,462,432,147,4.80669768,-6.1138976799994,-151.4712%,1,False,False,1.2,24,0.08,19,0.23,18,3,30,55
5,86,516,501,182,5.3716876,-3.2682875999996,-89.6185%,1,False,False,1,20,0.11,18,0.22,6,3,30,55
5,85,360,331,111,3.66205612,-8.2128561199998,-202.4754%,1,False,False,1,18,0.13,16,0.27,16,3,30,55
5,84,387,367,134,3.86942564,-0.4716256400012,-13.2788%,1,False,False,1.1,22,0.13,15,0.23,6,3,30,55
5,83,620,597,207,6.6067846,-6.636784600002,-167.9201%,1,False,False,0.9,18,0.08,15,0.25,6,3,30,55
5,82,332,313,111,3.3289008,2.3240992,63.1703%,1,False,False,1,24,0.16,17,0.27,6,3,30,55
5,81,379,354,126,3.79434236,4.84625764,130.9052%,1,False,False,1.2,24,0.13,17,0.25,8,3,30,55
5,80,411,386,136,4.17217736,7.8622226399998,208.1363%,1,False,False,1.1,24,0.13,19,0.26,8,3,30,55
5,79,487,458,160,5.00824324,-2.0204432399998,-52.2818%,1,False,False,1.1,18,0.1,15,0.26,10,3,30,55
5,78,396,370,135,3.93320964,-3.329409639999,-92.8555%,1,False,False,1.2,20,0.13,19,0.23,16,3,30,55
5,77,446,433,154,4.67168908,1.6459109199998,43.9978%,1,False,False,0.9,20,0.13,19,0.22,8,3,30,55
5,76,473,451,153,5.0204578,-3.2160577999998,-79.3612%,1,False,False,0.9,20,0.1,18,0.22,18,3,30,55
5,75,446,422,161,4.36018512,-3.71218512,-111.2701%,1,False,False,1.2,16,0.12,17,0.23,6,3,30,55
5,74,493,469,168,5.06346788,2.240532120001,60.2163%,1,False,False,1,18,0.11,19,0.24,8,3,30,55
5,73,376,354,121,3.86942352,-1.323623519999,-33.6536%,1,False,False,0.9,16,0.14,16,0.26,10,3,30,55
5,72,429,400,134,4.4716984,-9.905498399999,-240.651%,1,False,False,1,18,0.1,19,0.27,16,3,30,55
5,71,496,457,154,5.084037,-0.2820369999996,-6.9179%,1,False,False,1,22,0.09,16,0.26,14,3,30,55
5,70,335,312,112,3.3032896,1.6423104000002,45.4132%,1,False,False,1.1,18,0.16,17,0.25,12,3,30,55
5,69,336,314,113,3.32368248,0.6623175200002,18.362%,1,False,False,1.1,16,0.16,18,0.25,12,3,30,55
5,68,380,365,124,4.02235548,-3.6187554800002,-90.614%,1,False,False,1,22,0.13,17,0.22,18,3,30,55
5,67,303,284,100,3.04612596,-3.4375259599986,-92.1378%,1,False,False,1.2,20,0.16,17,0.25,16,3,30,55
5,66,479,446,159,4.82413132,-2.8467313199994,-76.0333%,1,False,False,1.2,20,0.1,17,0.27,12,3,30,55
5,65,483,459,147,5.26419492,-9.6581949200004,-218.1903%,1,False,False,0.9,24,0.08,17,0.24,16,3,30,55
5,64,414,377,131,4.10952196,2.62467804,67.9549%,1,False,False,1.2,24,0.12,18,0.27,14,3,30,55
5,63,476,454,155,5.03765436,-4.5308543599996,-112.869%,1,False,False,0.9,22,0.1,18,0.23,16,3,30,55
5,62,446,418,151,4.47557892,2.5826210800012,70.6945%,1,False,False,1.2,20,0.11,15,0.26,8,3,30,55
5,61,353,329,115,3.54832908,3.9926709199998,105.3756%,1,False,False,1.2,24,0.13,15,0.25,8,3,30,55
5,60,377,366,138,3.77972664,-4.6637266400014,-138.5316%,1,False,False,1.1,16,0.14,17,0.22,6,3,30,55
5,59,438,410,141,4.52334936,-6.8471493599992,-173.0258%,1,False,False,1,18,0.1,16,0.25,16,3,30,55
5,58,357,338,118,3.6511996,2.1430003999998,56.3827%,1,False,False,1,18,0.15,17,0.25,8,3,30,55
5,57,454,441,160,4.7004306,-3.4784306000008,-95.996%,1,False,False,0.9,20,0.13,19,0.22,6,3,30,55
5,56,469,434,151,4.74671732,-1.172317319998,-30.229%,1,False,False,1,16,0.12,19,0.26,10,3,30,55
5,55,487,458,160,5.00882564,-0.1990256400004,-5.1497%,1,False,False,1.1,22,0.1,17,0.26,10,3,30,55
5,54,317,293,103,3.15466036,-3.5392603599992,-94.2896%,1,False,False,1.2,22,0.15,16,0.23,16,3,30,55
5,53,381,354,126,3.7944114,5.1493886,139.0901%,1,False,False,1.2,24,0.13,17,0.26,8,3,30,55
5,52,522,493,171,5.433522,3.052878,77.7482%,1,False,False,1.2,24,0.08,18,0.26,8,3,30,55
5,51,404,383,141,4.03754848,-0.8103484799998,-22.9964%,1,False,False,1.2,16,0.13,18,0.24,12,3,30,55
5,50,426,401,145,4.28031632,4.50728368,123.9747%,1,False,False,1.1,20,0.13,19,0.26,8,3,30,55
5,49,576,546,187,6.06537108,-1.9249710800004,-47.9655%,1,False,False,0.9,16,0.09,16,0.26,10,3,30,55
5,48,399,377,135,4.03687768,7.3175223200004,198.8457%,1,False,False,1.2,24,0.13,19,0.25,8,3,30,55
5,47,421,394,135,4.34193768,-4.4271376799978,-111.665%,1,False,False,1.1,20,0.1,15,0.25,18,3,30,55
5,46,387,372,126,4.11446824,-5.2462682399994,-130.4481%,1,False,False,0.9,24,0.14,19,0.22,16,3,30,55
5,45,355,335,112,3.69623836,1.9233616400008,47.4253%,1,False,False,0.9,22,0.15,15,0.27,10,3,30,55
5,44,438,402,134,4.50847656,-7.4716765599984,-180.0386%,1,False,False,1.2,18,0.08,16,0.26,18,3,30,55
5,43,333,304,106,3.29047348,-7.3198734799994,-192.1988%,1,False,False,1.2,20,0.14,17,0.25,16,3,30,55
5,42,378,359,123,3.92085712,1.0421428800012,26.5779%,1,False,False,0.9,18,0.13,15,0.27,8,3,30,55
5,41,487,468,161,5.15164032,0.7509596800002,19.0002%,1,False,False,0.9,24,0.11,19,0.25,6,3,30,55
5,40,374,356,127,3.80143516,1.1485648400004,31.2165%,1,False,False,1,16,0.14,17,0.23,8,3,30,55
5,39,403,377,135,4.03693416,7.6834658400004,208.7854%,1,False,False,1.2,24,0.13,19,0.26,8,3,30,55
5,38,539,510,182,5.53989308,0.95870692,25.4846%,1,False,False,1.1,18,0.09,16,0.26,8,3,30,55
5,37,401,376,133,4.05330696,4.9834930400006,132.8436%,1,False,False,1.2,24,0.13,19,0.27,10,3,30,55
5,36,357,332,115,3.61180628,-7.043006280001,-182.4694%,1,False,False,1,20,0.15,19,0.24,16,3,30,55
5,35,403,377,135,4.036942,7.6442580000004,207.72%,1,False,False,1.2,24,0.13,19,0.26,8,3,30,55
5,34,355,329,115,3.54841504,4.3067849599998,113.6631%,1,False,False,1.2,24,0.13,15,0.26,8,3,30,55
5,33,524,503,178,5.47568956,-1.6828895599994,-44.263%,1,False,False,1,18,0.1,16,0.22,12,3,30,55
5,32,631,609,216,6.66094984,-6.4411498400012,-168.6656%,1,False,False,0.9,16,0.08,16,0.27,6,3,30,55
5,31,361,337,121,3.58338656,-0.1237865600002,-3.4038%,1,False,False,1.1,16,0.15,17,0.24,10,3,30,55
5,30,453,416,139,4.668896,-7.0412959999986,-169.8663%,1,False,False,1.2,24,0.08,16,0.27,16,3,30,55
5,29,382,353,127,3.75898524,-1.94758524,-53.5318%,1,False,False,1.2,18,0.13,17,0.25,14,3,30,55
5,28,495,455,162,4.93854904,-5.6465490399988,-150.0453%,1,False,False,1.2,16,0.09,17,0.25,14,3,30,55
5,27,400,373,127,4.09380216,5.0515978400006,127.302%,1,False,False,1,24,0.13,17,0.27,8,3,30,55
5,26,392,365,130,3.91770472,5.66029528,152.698%,1,False,False,1.2,24,0.13,18,0.26,8,3,30,55
5,25,473,443,149,4.95374328,-8.4579432799994,-205.9824%,1,False,False,1,20,0.09,16,0.26,16,3,30,55
5,24,544,514,184,5.59087672,-0.8832767200002,-23.5181%,1,False,False,1.2,18,0.08,19,0.27,8,3,30,55
5,23,537,510,172,5.6970424,-0.9748423999998,-23.8018%,1,False,False,0.9,22,0.09,17,0.23,14,3,30,55
5,22,373,348,123,3.74240564,5.0397943599998,134.7663%,1,False,False,1.2,24,0.13,16,0.25,8,3,30,55
5,21,299,281,100,2.98311072,3.9516892800006,108.2633%,1,False,False,1.2,24,0.16,15,0.23,8,3,30,55
5,20,412,386,140,4.09897516,4.0248248400002,111.6532%,1,False,False,1.2,24,0.13,19,0.26,6,3,30,55
5,19,406,383,133,4.18544684,-3.0794468400006,-79.4344%,1,False,False,1,16,0.12,19,0.23,18,3,30,55
5,18,375,348,123,3.74248528,5.3959147199998,144.2859%,1,False,False,1.2,24,0.13,16,0.26,8,3,30,55
5,17,351,328,115,3.5341642,6.9128358000006,183.2198%,1,False,False,1.2,24,0.15,19,0.26,8,3,30,55
5,16,439,402,138,4.44577256,-6.9125725599998,-173.9945%,1,False,False,1.2,24,0.09,19,0.26,16,3,30,55
5,15,335,315,113,3.3488992,1.7471008000006,48.0806%,1,False,False,1.2,16,0.15,17,0.25,8,3,30,55
5,14,408,387,134,4.20716796,-0.4783679599988,-12.3733%,1,False,False,0.9,16,0.13,16,0.23,14,3,30,55
5,13,603,569,210,6.07673708,-5.2033370799988,-145.3485%,1,False,False,1.2,16,0.08,15,0.27,6,3,30,55
5,12,608,575,196,6.41946032,-2.5364603199996,-62.5534%,1,False,False,1,20,0.08,18,0.24,10,3,30,55
5,11,370,340,119,3.69226904,-1.3258690399988,-34.7554%,1,False,False,1.2,24,0.13,19,0.27,16,3,30,55
5,10,409,378,135,4.05549708,4.2931029200004,116.117%,1,False,False,1.2,22,0.13,19,0.26,12,3,30,55
5,9,442,414,146,4.5054092,-2.5326091999986,-66.5546%,1,False,False,1.2,20,0.1,15,0.23,18,3,30,55
5,8,439,401,137,4.41218492,1.4648150799994,36.9013%,1,False,False,1.1,24,0.11,19,0.26,14,3,30,55
5,7,375,347,123,3.74464004,-0.6416400399986,-17.1399%,1,False,False,1.2,22,0.13,19,0.25,16,3,30,55
5,6,410,376,129,4.14030444,-6.9309044400006,-175.2906%,1,False,False,1.1,20,0.11,17,0.26,16,3,30,55
5,5,437,409,145,4.40729544,0.2913045599996,7.7776%,1,False,False,1,16,0.13,19,0.23,14,3,30,55
5,4,403,377,135,4.03693416,7.6834658400004,208.7854%,1,False,False,1.2,24,0.13,19,0.26,8,3,30,55
5,3,384,372,137,3.9039742,-3.5679742,-101.7945%,1,False,False,1,18,0.14,17,0.22,6,3,30,55
5,2,409,377,128,4.16645292,-3.1808529200002,-79.3218%,1,False,False,1,16,0.11,15,0.27,18,3,30,55
5,1,417,387,134,4.21901216,6.0777878399996,156.7333%,1,False,False,1.1,24,0.13,19,0.26,12,3,30,55
4,100,469,446,158,4.83833384,4.762466159999,126.0345%,1,False,False,1.1,24,0.11,18,0.23,8,3,30,55
4,99,449,425,146,4.68114776,-2.8785477600006,-72.7585%,1,False,False,1,20,0.1,15,0.24,18,3,30,55
4,98,363,337,115,3.69918808,-6.7709880800002,-171.1934%,1,False,False,1,16,0.14,19,0.27,16,3,30,55
4,97,416,397,134,4.38254992,0.1296500800012,3.2167%,1,False,False,0.9,22,0.13,16,0.24,10,3,30,55
4,96,473,458,162,4.96304116,-2.264641159999,-59.8786%,1,False,False,0.9,22,0.12,19,0.23,6,3,30,55
4,95,364,340,125,3.564592,-3.4925920000008,-99.7331%,1,False,False,1.1,18,0.14,16,0.26,6,3,30,55
4,94,432,404,140,4.42002468,6.4077753199996,164.6747%,1,False,False,1.1,24,0.12,19,0.27,8,3,30,55
4,93,359,338,119,3.63806416,3.8083358399996,101.4158%,1,False,False,1.1,22,0.15,17,0.24,8,3,30,55
4,92,499,482,169,5.27053408,1.2780659200008,33.1786%,1,False,False,0.9,18,0.11,18,0.23,8,3,30,55
4,91,515,479,167,5.2628824,-9.3932823999994,-241.2749%,1,False,False,1.1,16,0.08,15,0.23,14,3,30,55
4,90,461,437,158,4.67857208,-1.6897720800004,-46.2668%,1,False,False,1.1,16,0.12,19,0.23,10,3,30,55
4,89,497,478,169,5.19477224,-3.8253722399994,-100.7566%,1,False,False,0.9,18,0.11,18,0.27,6,3,30,55
4,88,361,334,118,3.60225076,-1.297650759999,-34.5929%,1,False,False,1.2,16,0.13,19,0.25,18,3,30,55
4,87,326,311,108,3.34532164,0.1386783600006,3.6507%,1,False,False,0.9,20,0.16,15,0.23,14,3,30,55
4,86,486,457,159,5.01203696,1.165963039999,29.9597%,1,False,False,1.1,22,0.1,16,0.26,10,3,30,55
4,85,411,382,126,4.26149232,1.7715076800012,42.5247%,1,False,False,0.9,22,0.13,17,0.27,14,3,30,55
4,84,465,435,157,4.667568,-3.7067680000008,-101.0731%,1,False,False,1.1,18,0.1,16,0.24,14,3,30,55
4,83,390,365,127,3.9616348,0.0131651999992,0.343%,1,False,False,1.1,22,0.13,17,0.25,12,3,30,55
4,82,466,451,164,4.80913644,0.8786635599994,24.28%,1,False,False,1.2,24,0.11,16,0.22,6,3,30,55
4,81,465,438,146,4.89188536,-0.9580853599998,-23.1646%,1,False,False,0.9,22,0.11,18,0.26,12,3,30,55
4,80,457,430,154,4.62324408,-1.8740440800002,-50.6149%,1,False,False,1.1,18,0.11,15,0.25,12,3,30,55
4,79,340,328,114,3.5412266,3.6911734000012,96.7775%,1,False,False,0.9,24,0.16,18,0.22,8,3,30,55
4,78,465,449,164,4.76582568,-3.7904256799988,-105.7489%,1,False,False,0.9,16,0.12,17,0.22,6,3,30,55
4,77,367,340,119,3.69051616,0.607483840001,15.9339%,1,False,False,1.2,24,0.13,19,0.25,18,3,30,55
4,76,543,509,176,5.61758244,-6.0365824400004,-152.9663%,1,False,False,1.1,20,0.08,18,0.25,12,3,30,55
4,75,361,331,113,3.63416228,-4.9139622799994,-124.302%,1,False,False,1.1,24,0.13,16,0.25,16,3,30,55
4,74,401,375,135,4.00611208,3.4726879200002,95.1131%,1,False,False,1.2,22,0.13,18,0.25,8,3,30,55
4,73,395,366,127,3.99819008,-5.692990079999,-146.8668%,1,False,False,1.1,24,0.12,17,0.24,16,3,30,55
4,72,488,471,170,5.06519524,3.4426047599994,93.5856%,1,False,False,1.1,22,0.11,19,0.22,8,3,30,55
4,71,490,471,166,5.1172976,-4.1158975999996,-108.112%,1,False,False,0.9,20,0.11,16,0.26,6,3,30,55
4,70,512,495,179,5.32317756,-2.2201775600012,-60.4294%,1,False,False,1.1,16,0.1,16,0.22,10,3,30,55
4,69,376,357,132,3.7320764,-3.0710764000002,-88.3986%,1,False,False,1,16,0.15,19,0.26,6,3,30,55
4,68,316,300,101,3.29519,-3.3909899999994,-84.725%,1,False,False,0.9,22,0.16,18,0.23,18,3,30,55
4,67,477,459,158,5.08214104,-3.035541039999,-76.4014%,1,False,False,1,24,0.1,18,0.22,16,3,30,55
4,66,395,361,124,3.9705268,-0.2025267999992,-5.1385%,1,False,False,1.2,20,0.12,19,0.26,18,3,30,55
4,65,417,402,137,4.42659772,6.0238022799994,151.2674%,1,False,False,0.9,24,0.13,19,0.25,8,3,30,55
4,64,365,345,124,3.69278236,-3.8373823599988,-104.8103%,1,False,False,1.2,24,0.14,19,0.22,16,3,30,55
4,63,403,391,146,4.09087136,1.1111286400004,32.2215%,1,False,False,1.2,16,0.13,19,0.22,8,3,30,55
4,62,435,408,145,4.39328888,-0.1708888800008,-4.5764%,1,False,False,1.1,22,0.12,19,0.23,12,3,30,55
4,61,413,385,126,4.34115328,-5.4021532799996,-127.1731%,1,False,False,0.9,24,0.11,16,0.27,16,3,30,55
4,60,373,345,120,3.735319,0.4464809999994,11.6697%,1,False,False,1.1,22,0.13,15,0.25,10,3,30,55
4,59,436,418,146,4.5458322,0.4773677999988,12.4339%,1,False,False,0.9,22,0.13,19,0.27,6,3,30,55
4,58,449,425,147,4.67375156,-3.4125515599994,-86.9775%,1,False,False,1,24,0.1,16,0.24,16,3,30,55
4,57,376,348,123,3.76297364,-0.3755736399988,-9.9827%,1,False,False,1.2,24,0.13,19,0.25,16,3,30,55
4,56,488,465,158,5.1817258,-4.1341257999996,-102.0264%,1,False,False,0.9,24,0.1,18,0.22,16,3,30,55
4,55,368,357,122,3.90554668,4.6316533200004,117.6295%,1,False,False,0.9,24,0.15,19,0.24,8,3,30,55
4,54,535,499,178,5.42019348,-6.6107934799998,-175.6729%,1,False,False,1.2,16,0.08,19,0.25,12,3,30,55
4,53,379,358,127,3.84768648,6.8287135200006,183.2989%,1,False,False,1.2,24,0.14,19,0.25,8,3,30,55
4,52,495,465,152,5.2887212,-11.6545212,-270.9844%,1,False,False,0.9,18,0.08,18,0.26,16,3,30,55
4,51,330,318,123,3.22271916,-2.2185191600002,-69.1057%,1,False,False,1.2,16,0.16,19,0.22,6,3,30,55
4,50,472,452,157,4.94796092,-0.153960919999,-3.958%,1,False,False,0.9,16,0.11,15,0.23,14,3,30,55
4,49,395,381,142,3.98394564,2.25705436,65.3936%,1,False,False,1.2,18,0.13,17,0.22,8,3,30,55
4,48,599,567,203,6.16176852,-4.3409685200004,-115.564%,1,False,False,1,20,0.09,19,0.25,6,3,30,55
4,47,332,310,111,3.2969862,3.7716138000008,103.5735%,1,False,False,1.2,22,0.16,19,0.25,8,3,30,55
4,46,382,367,130,3.93662628,-0.1878262799996,-5.0427%,1,False,False,0.9,16,0.15,18,0.22,10,3,30,55
4,45,402,382,135,4.11900416,5.3673958399994,142.8943%,1,False,False,1.1,24,0.13,18,0.24,8,3,30,55
4,44,449,420,150,4.51156024,0.3982397600006,10.7387%,1,False,False,1,22,0.12,16,0.26,6,3,30,55
4,43,386,365,124,4.01815772,-6.9949577199994,-175.3034%,1,False,False,0.9,16,0.12,18,0.24,18,3,30,55
4,42,409,379,128,4.20468964,-7.5990896399998,-187.7331%,1,False,False,1,16,0.11,17,0.26,16,3,30,55
4,41,334,314,108,3.42033296,-6.1373329599992,-157.8604%,1,False,False,0.9,20,0.16,19,0.23,16,3,30,55
4,40,578,549,195,6.00323512,-1.3288351200002,-34.8955%,1,False,False,1.1,18,0.08,16,0.23,8,3,30,55
4,39,407,386,136,4.17213216,7.4182678399998,196.3875%,1,False,False,1.1,24,0.13,19,0.25,8,3,30,55
4,38,634,606,202,6.85315516,-4.222755160002,-100.4783%,1,False,False,0.9,20,0.08,15,0.22,10,3,30,55
4,37,398,375,135,4.02528388,-4.7198838799996,-128.5793%,1,False,False,1.2,18,0.12,18,0.22,16,3,30,55
4,36,403,377,135,4.03693416,7.6834658400004,208.7854%,1,False,False,1.2,24,0.13,19,0.26,8,3,30,55
4,35,447,423,144,4.66475312,2.080246880001,52.0642%,1,False,False,0.9,24,0.12,19,0.23,14,3,30,55
4,34,399,377,135,4.03687768,7.3175223200004,198.8457%,1,False,False,1.2,24,0.13,19,0.25,8,3,30,55
4,33,465,434,156,4.67014588,-3.6847458799984,-99.7865%,1,False,False,1.2,18,0.1,15,0.24,14,3,30,55
4,32,470,447,155,4.89650632,-2.4831063199992,-63.6873%,1,False,False,0.9,16,0.11,17,0.23,14,3,30,55
4,31,501,478,161,5.33507648,1.9667235199998,48.0357%,1,False,False,0.9,22,0.1,15,0.25,8,3,30,55
4,30,367,340,119,3.69051616,0.607483840001,15.9339%,1,False,False,1.2,24,0.13,19,0.25,18,3,30,55
4,29,378,362,122,3.98843484,3.6951651600002,91.8612%,1,False,False,0.9,24,0.15,19,0.24,12,3,30,55
4,28,416,395,140,4.26183308,2.1829669200004,58.2304%,1,False,False,1,16,0.13,19,0.25,8,3,30,55
4,27,406,379,135,4.07118304,5.6272169600006,151.5892%,1,False,False,1.2,24,0.13,19,0.26,10,3,30,55
4,26,350,323,104,3.63646196,-5.0064619599996,-116.4742%,1,False,False,0.9,18,0.13,15,0.27,18,3,30,55
4,25,425,399,139,4.33944616,-1.3736461599998,-35.7118%,1,False,False,1,16,0.13,19,0.25,12,3,30,55
4,24,400,376,134,4.03669096,7.3389090400004,197.9487%,1,False,False,1.2,24,0.13,19,0.27,8,3,30,55
4,23,321,303,107,3.2352386,5.9677614000006,161.0381%,1,False,False,1.2,24,0.16,17,0.25,8,3,30,55
4,22,597,566,190,6.36916128,-2.6749612800008,-64.4553%,1,False,False,0.9,18,0.08,18,0.27,10,3,30,55
4,21,422,396,139,4.2912416,3.3635584000002,88.4396%,1,False,False,1.1,22,0.13,19,0.27,10,3,30,55
4,20,517,487,165,5.44811512,-10.8527151199994,-265.863%,1,False,False,1,16,0.08,19,0.23,16,3,30,55
4,19,456,429,150,4.68230092,4.4162990799996,114.7071%,1,False,False,1.1,24,0.11,19,0.25,8,3,30,55
4,18,421,389,133,4.26652708,0.621872920001,15.7372%,1,False,False,1,22,0.13,17,0.26,10,3,30,55
4,17,558,526,183,5.78591576,1.0198842400002,26.0802%,1,False,False,1,24,0.09,19,0.25,6,3,30,55
4,16,496,474,169,5.12515996,-1.4211599599992,-37.9501%,1,False,False,1,16,0.11,16,0.22,10,3,30,55
4,15,367,336,113,3.6943816,-1.1253815999998,-28.0073%,1,False,False,1,22,0.14,16,0.27,12,3,30,55
4,14,469,447,153,4.9507254,-3.1467254,-78.756%,1,False,False,0.9,20,0.1,16,0.22,18,3,30,55
4,13,408,388,141,4.12076124,6.4858387600002,180.2633%,1,False,False,1.2,24,0.13,19,0.24,8,3,30,55
4,12,519,482,159,5.4240102,-0.3572101999998,-8.4716%,1,False,False,1,24,0.08,17,0.26,12,3,30,55
4,11,373,355,126,3.82091944,-6.0781194399994,-162.9429%,1,False,False,1.1,20,0.13,16,0.22,16,3,30,55
4,10,279,259,91,2.7700232,-5.0828231999986,-136.6178%,1,False,False,1.2,18,0.16,16,0.25,16,3,30,55
4,9,357,329,116,3.53367588,0.3805241199998,10.1751%,1,False,False,1.1,16,0.15,17,0.26,12,3,30,55
4,8,410,387,140,4.12535656,5.4206434400006,149.4408%,1,False,False,1.2,22,0.13,19,0.25,8,3,30,55
4,7,310,291,97,3.21229864,-3.1192986400004,-76.8116%,1,False,False,0.9,24,0.16,17,0.26,16,3,30,55
4,6,339,318,117,3.3294964,3.1777036000002,91.0639%,1,False,False,1.1,18,0.16,19,0.24,8,3,30,55
4,5,559,520,187,5.62648096,-2.2360809600006,-60.1186%,1,False,False,1.1,16,0.09,18,0.25,10,3,30,55
4,4,402,369,126,4.04307388,1.3661261199998,34.594%,1,False,False,1,22,0.14,19,0.26,14,3,30,55
4,3,333,316,101,3.57370456,-4.7799045600012,-109.9384%,1,False,False,0.9,20,0.15,17,0.27,18,3,30,55
4,2,372,359,128,3.84094764,2.24545236,60.8668%,1,False,False,1,20,0.14,15,0.22,8,3,30,55
4,1,404,373,130,4.07436188,-1.4949618799994,-38.7369%,1,False,False,1.2,20,0.11,16,0.25,18,3,30,55
3,100,472,442,160,4.74355028,-4.561750279999,-124.719%,1,False,False,1.2,18,0.1,17,0.23,14,3,30,55
3,99,513,479,170,5.2086292,4.4493708000008,117.5784%,1,False,False,1.2,24,0.09,18,0.25,8,3,30,55
3,98,392,374,139,3.91059492,-0.9151949200004,-26.448%,1,False,False,1.2,16,0.13,16,0.22,12,3,30,55
3,97,465,430,149,4.74880332,-9.6170033199994,-244.4775%,1,False,False,1.2,18,0.08,19,0.27,16,3,30,55
3,96,409,392,133,4.34542592,-2.0180259200004,-50.1135%,1,False,False,1,22,0.12,19,0.22,18,3,30,55
3,95,466,439,159,4.71209416,1.19110584,32.5859%,1,False,False,1.2,16,0.1,16,0.27,8,3,30,55
3,94,372,344,122,3.68326008,-0.9104600800004,-24.5417%,1,False,False,1.1,18,0.13,15,0.25,10,3,30,55
3,93,511,481,171,5.21939816,2.9634018400012,78.6087%,1,False,False,1.2,22,0.09,15,0.26,8,3,30,55
3,92,409,375,129,4.0979554,5.2290445999998,133.7018%,1,False,False,1.1,24,0.13,19,0.27,14,3,30,55
3,91,307,285,100,3.07273544,-2.9779354399986,-79.1106%,1,False,False,1.2,24,0.16,19,0.25,16,3,30,55
3,90,438,409,137,4.56761384,-6.56701384,-159.6609%,1,False,False,1,20,0.1,15,0.26,16,3,30,55
3,89,503,478,167,5.227089,3.2877110000004,85.0404%,1,False,False,1,22,0.1,15,0.24,8,3,30,55
3,88,476,443,150,4.9053158,0.422684200001,10.4702%,1,False,False,1,24,0.1,18,0.26,12,3,30,55
3,87,420,401,144,4.2913138,6.5628861999994,178.7739%,1,False,False,1.1,24,0.13,19,0.23,8,3,30,55
3,86,561,534,183,5.93545696,1.0671430399996,26.5996%,1,False,False,0.9,20,0.09,18,0.27,8,3,30,55
3,85,599,567,206,6.11764648,-4.78844648,-130.3144%,1,False,False,1.2,20,0.08,19,0.26,6,3,30,55
3,84,590,563,199,6.15732444,-0.1079244400002,-2.8186%,1,False,False,1.1,24,0.08,16,0.23,6,3,30,55
3,83,553,514,173,5.75591212,-4.2539121200004,-103.3789%,1,False,False,1,18,0.08,16,0.27,12,3,30,55
3,82,423,388,134,4.23528816,0.1165118400002,2.9931%,1,False,False,1,18,0.13,19,0.26,14,3,30,55
3,81,355,333,119,3.55187772,2.8631222800004,78.1309%,1,False,False,1.2,22,0.15,17,0.24,8,3,30,55
3,80,363,332,116,3.60656016,-4.4685601599992,-116.9388%,1,False,False,1.2,24,0.13,18,0.27,16,3,30,55
3,79,304,282,99,3.03437164,-6.4633716399994,-172.1776%,1,False,False,1.2,16,0.15,16,0.25,16,3,30,55
3,78,417,398,135,4.39339464,6.5988053599994,164.5414%,1,False,False,0.9,24,0.13,19,0.27,8,3,30,55
3,77,417,398,135,4.39339464,6.5988053599994,164.5414%,1,False,False,0.9,24,0.13,19,0.27,8,3,30,55
3,76,610,577,199,6.40399928,-2.3989992799998,-60.2182%,1,False,False,1,18,0.08,18,0.24,10,3,30,55
3,75,509,482,169,5.25616344,1.16603656,30.3451%,1,False,False,1,24,0.1,18,0.26,6,3,30,55
3,74,275,255,87,2.76774352,-4.3813435199996,-112.6767%,1,False,False,1.1,16,0.16,15,0.26,18,3,30,55
3,73,408,395,136,4.32255912,4.6148408800008,117.8617%,1,False,False,0.9,24,0.14,19,0.22,8,3,30,55
3,72,449,421,150,4.56208796,-6.3802879599996,-170.0651%,1,False,False,1.1,18,0.1,16,0.23,16,3,30,55
3,71,359,327,111,3.59879888,-5.6563988799994,-141.9445%,1,False,False,1.1,24,0.13,16,0.27,16,3,30,55
3,70,452,415,144,4.53788692,-1.2688869200006,-32.6575%,1,False,False,1.1,20,0.11,18,0.26,14,3,30,55
3,69,333,314,101,3.54201788,-3.252017880001,-75.4858%,1,False,False,0.9,22,0.15,19,0.26,18,3,30,55
3,68,590,564,186,6.39595084,-0.1755508400004,-4.1234%,1,False,False,0.9,24,0.08,19,0.23,10,3,30,55
3,67,483,443,155,4.85295584,-4.3989558399992,-113.8411%,1,False,False,1.2,20,0.09,19,0.26,14,3,30,55
3,66,273,252,88,2.70383316,-7.8784331599988,-209.8712%,1,False,False,1.2,16,0.16,15,0.25,16,3,30,55
3,65,418,381,134,4.12752736,-0.1739273599998,-4.5864%,1,False,False,1.2,22,0.12,18,0.25,14,3,30,55
3,64,488,467,163,5.11537064,0.7920293600006,20.4394%,1,False,False,0.9,18,0.11,19,0.25,8,3,30,55
3,63,340,325,111,3.55880236,-4.94520236,-125.5459%,1,False,False,1,22,0.14,15,0.22,16,3,30,55
3,62,464,437,159,4.65870392,-0.8743039200002,-24.1904%,1,False,False,1.2,22,0.11,17,0.27,6,3,30,55
3,61,474,432,145,4.82160616,-2.5608061599998,-62.3943%,1,False,False,1.1,24,0.08,16,0.27,14,3,30,55
3,60,378,351,117,3.90642244,-1.981622440001,-48.2244%,1,False,False,1,24,0.13,19,0.27,18,3,30,55
3,59,416,378,130,4.13603224,1.1767677599994,30.036%,1,False,False,1.1,24,0.12,18,0.26,14,3,30,55
3,58,389,369,123,4.09236888,-1.4409688799994,-35.1827%,1,False,False,0.9,20,0.14,17,0.25,12,3,30,55
3,57,390,356,123,3.89309508,-3.576095079999,-91.8101%,1,False,False,1.1,20,0.12,17,0.26,18,3,30,55
3,56,422,402,142,4.339759,5.1612409999996,137.0576%,1,False,False,1.1,24,0.13,19,0.24,10,3,30,55
3,55,487,460,158,5.0915852,-8.7961851999994,-220.9495%,1,False,False,1,16,0.09,16,0.24,16,3,30,55
3,54,429,392,133,4.31895856,2.9004414400008,72.4835%,1,False,False,1,24,0.12,16,0.25,14,3,30,55
3,53,433,403,137,4.47122952,-6.9374295199988,-172.3541%,1,False,False,1,18,0.1,18,0.27,16,3,30,55
3,52,417,398,135,4.39340248,6.5595975199994,163.5638%,1,False,False,0.9,24,0.13,19,0.27,8,3,30,55
3,51,415,383,133,4.19233596,-6.559335959999,-168.8905%,1,False,False,1.1,20,0.11,17,0.25,16,3,30,55
3,50,432,400,142,4.31444996,1.94295004,51.8986%,1,False,False,1.2,24,0.12,19,0.23,14,3,30,55
3,49,354,330,115,3.56586048,3.9605395199998,103.9999%,1,False,False,1.2,24,0.13,15,0.27,8,3,30,55
3,48,339,323,120,3.36614044,1.8328595600006,53.2763%,1,False,False,1.2,20,0.16,19,0.22,8,3,30,55
3,47,437,413,148,4.43003284,-1.2198328400008,-33.0674%,1,False,False,1.1,20,0.12,17,0.22,14,3,30,55
3,46,429,409,143,4.44359216,6.1382078399996,160.2683%,1,False,False,1,24,0.13,19,0.24,8,3,30,55
3,45,399,377,135,4.03687768,7.3175223200004,198.8457%,1,False,False,1.2,24,0.13,19,0.25,8,3,30,55
3,44,420,391,138,4.225709,-1.321109000001,-35.0312%,1,False,False,1.1,20,0.13,18,0.25,12,3,30,55
3,43,394,377,126,4.18579836,6.0458016400004,147.7879%,1,False,False,0.9,24,0.14,19,0.27,8,3,30,55
3,42,439,414,141,4.58899596,-7.8333959599994,-195.0744%,1,False,False,0.9,16,0.1,16,0.25,16,3,30,55
3,41,425,400,144,4.28008372,4.16331628,113.7257%,1,False,False,1.1,20,0.13,19,0.27,8,3,30,55
3,40,329,312,111,3.33438084,-5.4653808399996,-148.2653%,1,False,False,1.2,16,0.14,17,0.22,18,3,30,55
3,39,371,347,126,3.66762508,-3.8978250800008,-108.9896%,1,False,False,1.1,20,0.14,16,0.25,6,3,30,55
3,38,432,412,147,4.4547782,-2.5085782000002,-67.1379%,1,False,False,1.2,16,0.1,17,0.22,18,3,30,55
3,37,413,379,132,4.1496166,-3.519816599999,-90.8885%,1,False,False,1.2,22,0.1,16,0.27,16,3,30,55
3,36,507,489,176,5.26041064,-5.2654106399994,-142.6194%,1,False,False,0.9,16,0.11,18,0.25,6,3,30,55
3,35,388,353,121,3.8552154,2.385384599999,60.8728%,1,False,False,1.1,24,0.13,16,0.27,14,3,30,55
3,34,422,397,146,4.1789538,-4.2277538,-119.9662%,1,False,False,1,16,0.13,17,0.26,6,3,30,55
3,33,340,317,115,3.3384996,-0.6348995999996,-17.8325%,1,False,False,1.1,16,0.16,18,0.22,14,3,30,55
3,32,407,373,134,3.98876568,-1.80476568,-49.2698%,1,False,False,1.2,18,0.12,16,0.26,14,3,30,55
3,31,419,390,132,4.32650012,-5.44130012,-134.6681%,1,False,False,1,22,0.11,19,0.25,16,3,30,55
3,30,418,397,150,4.12124324,-1.0950432399998,-32.3765%,1,False,False,1.2,20,0.14,19,0.23,6,3,30,55
3,29,425,412,142,4.51055724,5.4838427599998,140.0404%,1,False,False,0.9,24,0.13,19,0.24,8,3,30,55
3,28,443,410,141,4.4911786,1.9680214000006,50.1201%,1,False,False,1,22,0.12,16,0.24,14,3,30,55
3,27,390,364,123,4.02864612,-7.3026461199998,-181.0647%,1,False,False,1,20,0.13,18,0.25,16,3,30,55
3,26,466,433,143,4.87868612,-10.7342861199998,-254.7885%,1,False,False,0.9,16,0.08,19,0.25,18,3,30,55
3,25,434,405,140,4.4158562,3.609343800001,92.8389%,1,False,False,1,24,0.12,15,0.24,12,3,30,55
3,24,440,410,146,4.42029208,-1.2998920799998,-34.836%,1,False,False,1.1,18,0.12,18,0.27,10,3,30,55
3,23,607,583,202,6.45982564,1.2417743600004,31.3675%,1,False,False,1,22,0.08,15,0.22,8,3,30,55
3,22,362,338,121,3.60519768,1.01680232,27.7863%,1,False,False,1.2,20,0.13,15,0.27,8,3,30,55
3,21,332,318,122,3.24041236,-0.86421236,-26.5464%,1,False,False,1.2,18,0.16,19,0.22,6,3,30,55
3,20,440,418,148,4.52232004,5.8802799599992,156.0936%,1,False,False,1.1,24,0.12,19,0.24,8,3,30,55
3,19,376,356,117,3.96632364,1.744076360001,41.8091%,1,False,False,0.9,24,0.14,17,0.25,10,3,30,55
3,18,385,363,127,3.93864088,-6.03204088,-158.0358%,1,False,False,1,16,0.13,17,0.23,16,3,30,55
3,17,351,332,121,3.49726912,-0.8450691199998,-23.82%,1,False,False,1,16,0.16,19,0.22,10,3,30,55
3,16,399,377,135,4.03687768,7.3175223200004,198.8457%,1,False,False,1.2,24,0.13,19,0.25,8,3,30,55
3,15,407,386,136,4.17214,7.3790599999998,195.3495%,1,False,False,1.1,24,0.13,19,0.25,8,3,30,55
3,14,400,371,131,3.99782156,0.2703784399994,7.2004%,1,False,False,1.1,20,0.13,16,0.25,10,3,30,55
3,13,418,405,142,4.38646412,0.96313588,25.2993%,1,False,False,0.9,24,0.14,19,0.22,6,3,30,55
3,12,582,548,187,6.11446152,0.7129384800002,17.6224%,1,False,False,1,20,0.08,15,0.27,8,3,30,55
3,11,418,393,140,4.21796548,4.0870345199994,110.1259%,1,False,False,1.1,24,0.13,19,0.27,6,3,30,55
3,10,402,382,135,4.11900416,5.3673958399994,142.8943%,1,False,False,1.1,24,0.13,18,0.24,8,3,30,55
3,9,498,462,160,5.07410768,-1.4811076799986,-37.8223%,1,False,False,1,16,0.11,18,0.26,10,3,30,55
3,8,492,466,159,5.18789128,-7.4886912799982,-185.7584%,1,False,False,1.2,24,0.08,15,0.22,16,3,30,55
3,7,597,566,190,6.36916128,-2.6749612800008,-64.4553%,1,False,False,0.9,18,0.08,18,0.27,10,3,30,55
3,6,420,401,144,4.2913138,6.5628861999994,178.7739%,1,False,False,1.1,24,0.13,19,0.23,8,3,30,55
3,5,530,512,178,5.63434092,3.3448590799998,85.476%,1,False,False,0.9,22,0.1,16,0.22,8,3,30,55
3,4,481,448,158,4.90067028,-9.4092702799998,-245.6938%,1,False,False,1.2,18,0.09,18,0.23,16,3,30,55
3,3,313,295,101,3.21627628,-2.5542762800006,-65.4141%,1,False,False,1,22,0.16,18,0.23,18,3,30,55
3,2,582,558,187,6.28562064,-0.5762206400018,-13.8514%,1,False,False,0.9,18,0.08,15,0.26,8,3,30,55
3,1,510,476,166,5.21674204,-2.8853420399998,-74.3253%,1,False,False,1.2,22,0.08,18,0.25,12,3,30,55
2,100,438,413,145,4.4768656,-1.2062656000002,-31.6945%,1,False,False,1,18,0.13,19,0.24,12,3,30,55
2,99,465,437,155,4.71906816,-0.362068159999,-9.6418%,1,False,False,1,16,0.12,17,0.23,12,3,30,55
2,98,440,407,134,4.59459124,-8.509591239999,-201.1497%,1,False,False,1.1,18,0.08,16,0.26,18,3,30,55
2,97,576,536,189,5.86485912,-1.475859119999,-38.4545%,1,False,False,1,16,0.09,18,0.25,10,3,30,55
2,96,363,342,127,3.5696994,2.6945006000006,78.0734%,1,False,False,1.2,18,0.15,19,0.23,8,3,30,55
2,95,338,317,105,3.51781884,-5.7882188400002,-140.6194%,1,False,False,1,24,0.14,16,0.24,18,3,30,55
2,94,309,290,102,3.09627612,3.28232388,88.3093%,1,False,False,1.1,22,0.16,16,0.25,8,3,30,55
2,93,436,411,142,4.49212716,3.67507284,94.2312%,1,False,False,1,24,0.13,19,0.24,10,3,30,55
2,92,466,439,154,4.777515,1.380684999999,36.0659%,1,False,False,1.1,24,0.11,18,0.26,6,3,30,55
2,91,337,316,117,3.29177588,-3.1283758800004,-90.6857%,1,False,False,1.2,18,0.15,16,0.27,6,3,30,55
2,90,307,287,102,3.06792088,-1.9499208799986,-52.9305%,1,False,False,1.2,22,0.16,19,0.22,18,3,30,55
2,89,488,467,157,5.21086084,3.26913916,79.7411%,1,False,False,0.9,24,0.1,17,0.25,8,3,30,55
2,88,377,356,121,3.92429076,-3.4206907600012,-85.7035%,1,False,False,1,22,0.14,19,0.23,18,3,30,55
2,87,388,354,122,3.87596196,-3.536161959999,-90.4515%,1,False,False,1.1,20,0.12,16,0.26,18,3,30,55
2,86,600,560,193,6.2161326,-1.4657326,-36.771%,1,False,False,1,16,0.08,17,0.27,10,3,30,55
2,85,562,539,196,5.79273396,1.30146604,35.6052%,1,False,False,1.2,24,0.09,19,0.22,6,3,30,55
2,84,386,371,133,3.96595196,2.0026480400004,54.5812%,1,False,False,1.2,24,0.14,19,0.22,12,3,30,55
2,83,531,515,185,5.56536104,1.7810389599992,47.8942%,1,False,False,1.1,22,0.1,18,0.22,10,3,30,55
2,82,605,580,195,6.515407,-6.9226070000002,-167.3232%,1,False,False,0.9,16,0.08,17,0.22,12,3,30,55
2,81,450,434,163,4.52975184,-3.3869518400004,-98.8754%,1,False,False,1.1,16,0.12,16,0.22,6,3,30,55
2,80,364,345,121,3.71454144,3.9382585599994,104.3756%,1,False,False,1.1,24,0.13,15,0.24,8,3,30,55
2,79,371,353,126,3.77343252,0.6287674799998,17.0804%,1,False,False,1.1,20,0.15,17,0.22,10,3,30,55
2,78,432,400,144,4.27615368,-2.5053536800004,-68.4849%,1,False,False,1.1,18,0.12,17,0.25,12,3,30,55
2,77,506,484,173,5.23847824,4.8323217599994,129.2036%,1,False,False,1.1,24,0.1,18,0.23,8,3,30,55
2,76,408,383,131,4.19714216,2.1722578399992,55.0487%,1,False,False,1,24,0.14,19,0.24,12,3,30,55
2,75,372,353,123,3.820679,5.1905209999998,135.9043%,1,False,False,1,24,0.15,19,0.24,8,3,30,55
2,74,450,420,148,4.55983808,1.2627619200014,33.244%,1,False,False,1,18,0.12,18,0.27,8,3,30,55
2,73,478,454,158,4.96772604,6.0878739600006,156.862%,1,False,False,1,24,0.11,19,0.24,8,3,30,55
2,72,323,300,103,3.2706196,-1.8610195999988,-47.7847%,1,False,False,1.2,20,0.15,18,0.26,18,3,30,55
2,71,471,438,147,4.90936356,-9.930363559999,-240.7735%,1,False,False,1.1,20,0.08,17,0.27,16,3,30,55
2,70,400,376,134,4.0366988,7.2997012000004,196.8912%,1,False,False,1.2,24,0.13,19,0.27,8,3,30,55
2,69,389,372,126,4.08907432,1.8259256799994,45.6985%,1,False,False,0.9,24,0.14,18,0.27,6,3,30,55
2,68,379,360,129,3.85964724,-3.3074472399996,-89.8537%,1,False,False,1.2,20,0.13,18,0.22,18,3,30,55
2,67,420,385,130,4.25186648,4.5123335199996,112.0049%,1,False,False,1,24,0.13,19,0.26,14,3,30,55
2,66,429,409,143,4.44359216,6.1382078399996,160.2683%,1,False,False,1,24,0.13,19,0.24,8,3,30,55
2,65,442,429,151,4.65401412,2.23678588,58.852%,1,False,False,0.9,20,0.13,19,0.24,8,3,30,55
2,64,414,384,133,4.18422584,2.580174159999,66.5863%,1,False,False,1.1,24,0.12,16,0.27,12,3,30,55
2,63,434,406,136,4.50618864,-0.3191886399994,-7.8131%,1,False,False,0.9,22,0.12,16,0.26,12,3,30,55
2,62,345,319,113,3.40922156,0.0275784400002,0.745%,1,False,False,1,16,0.16,19,0.27,12,3,30,55
2,61,543,526,183,5.77633248,-0.3801324800006,-9.7373%,1,False,False,0.9,22,0.1,15,0.22,6,3,30,55
2,60,400,375,132,4.04497456,3.7998254399988,100.7511%,1,False,False,1.1,24,0.13,16,0.23,12,3,30,55
2,59,440,418,144,4.57404592,4.0849540800012,104.2981%,1,False,False,0.9,24,0.12,15,0.22,10,3,30,55
2,58,442,418,149,4.49326904,-0.5538690399996,-14.9007%,1,False,False,1,16,0.13,19,0.23,10,3,30,55
2,57,406,386,134,4.20270832,5.3726916799994,139.104%,1,False,False,1,24,0.14,19,0.24,8,3,30,55
2,56,357,331,114,3.59294004,-0.1027400400006,-2.6542%,1,False,False,1.1,22,0.14,15,0.24,14,3,30,55
2,55,391,370,134,3.9305054,4.8352946,134.0145%,1,False,False,1.2,24,0.13,17,0.23,8,3,30,55
2,54,444,426,149,4.63352864,4.2662713600014,111.2566%,1,False,False,0.9,22,0.12,15,0.23,8,3,30,55
2,53,587,560,200,6.10840924,-2.8206092400008,-74.6479%,1,False,False,1.1,16,0.08,19,0.23,8,3,30,55
2,52,358,327,111,3.57810188,0.632498119999,15.9737%,1,False,False,1.1,24,0.14,16,0.27,14,3,30,55
2,51,532,502,165,5.68219368,-0.23759368,-5.5789%,1,False,False,0.9,24,0.09,19,0.26,10,3,30,55
2,50,566,536,185,5.93193256,5.765467440001,145.3644%,1,False,False,1,24,0.09,19,0.23,8,3,30,55
2,49,449,427,144,4.757662,-6.4054619999994,-157.0661%,1,False,False,0.9,24,0.1,18,0.24,16,3,30,55
2,48,634,607,217,6.61968208,-5.85868208,-155.0965%,1,False,False,1,18,0.08,16,0.23,6,3,30,55
2,47,533,500,172,5.53520316,2.3001968400006,57.8291%,1,False,False,1.1,24,0.08,15,0.25,8,3,30,55
2,46,569,544,185,6.06624724,-5.7966472399988,-142.8663%,1,False,False,0.9,16,0.09,19,0.23,12,3,30,55
2,45,508,479,169,5.21069876,0.2753012400014,7.2293%,1,False,False,1,18,0.11,19,0.24,10,3,30,55
2,44,466,443,154,4.8437522,5.850647800001,150.7316%,1,False,False,1,24,0.11,16,0.24,8,3,30,55
2,43,405,392,143,4.15557664,4.8160233600002,134.5989%,1,False,False,1.2,24,0.13,19,0.22,8,3,30,55
2,42,408,388,141,4.12076908,6.4466309200002,179.1736%,1,False,False,1.2,24,0.13,19,0.24,8,3,30,55
2,41,417,398,142,4.27392676,7.2926732399994,196.7032%,1,False,False,1.1,24,0.13,19,0.24,8,3,30,55
2,40,429,409,143,4.44359216,6.1382078399996,160.2683%,1,False,False,1,24,0.13,19,0.24,8,3,30,55
2,39,349,323,114,3.46197688,4.2356231199996,113.6292%,1,False,False,1.1,24,0.16,19,0.24,12,3,30,55
2,38,415,389,136,4.2116676,-0.8294675999986,-21.7479%,1,False,False,1,18,0.13,16,0.24,10,3,30,55
2,37,355,333,122,3.49820228,-1.7592022800002,-49.983%,1,False,False,1.1,18,0.15,17,0.26,6,3,30,55
2,36,437,417,148,4.49000508,2.3443949199988,62.677%,1,False,False,1,24,0.13,19,0.24,6,3,30,55
2,35,444,424,152,4.55380984,2.9319901599998,79.3864%,1,False,False,1,20,0.13,19,0.24,8,3,30,55
2,34,485,463,158,5.11483872,1.400561280001,35.0365%,1,False,False,0.9,22,0.11,15,0.22,12,3,30,55
2,33,440,421,149,4.54502596,0.973774040001,25.8955%,1,False,False,1,18,0.13,18,0.22,10,3,30,55
2,32,418,397,137,4.3360858,5.042314200001,129.2982%,1,False,False,1,24,0.13,18,0.24,8,3,30,55
2,31,307,287,101,3.06347092,1.2913290800006,34.7769%,1,False,False,1,16,0.16,15,0.26,8,3,30,55
2,30,428,397,135,4.37280048,4.5617995200002,114.2823%,1,False,False,1,24,0.13,19,0.27,10,3,30,55
2,29,367,355,128,3.7654446,-3.611444599999,-99.8668%,1,False,False,0.9,18,0.14,15,0.24,6,3,30,55
2,28,409,388,138,4.16678748,1.0416125200012,28.0191%,1,False,False,1,18,0.13,17,0.24,8,3,30,55
2,27,468,440,159,4.70760204,-3.5380020399992,-96.8718%,1,False,False,1,20,0.12,18,0.26,6,3,30,55
2,26,430,395,138,4.30722232,1.2355776800008,32.1276%,1,False,False,1.2,24,0.11,16,0.25,14,3,30,55
2,25,590,564,187,6.3765058,-5.7481058,-136.1633%,1,False,False,0.9,18,0.08,17,0.23,12,3,30,55
2,24,388,366,135,3.83972592,-1.5685259200004,-44.8474%,1,False,False,1.1,18,0.14,18,0.27,6,3,30,55
2,23,425,405,151,4.23769776,-1.7072977600012,-49.4002%,1,False,False,1.1,20,0.13,17,0.23,6,3,30,55
2,22,406,372,131,4.0131598,0.6378401999994,16.9188%,1,False,False,1.1,22,0.12,15,0.26,14,3,30,55
2,21,497,469,164,5.12084508,-1.2204450799992,-31.6487%,1,False,False,1,20,0.11,16,0.24,12,3,30,55
2,20,410,385,135,4.17192548,7.6146745199998,200.1039%,1,False,False,1.1,24,0.13,19,0.27,8,3,30,55
2,19,384,356,126,3.82865608,3.0721439199998,82.2185%,1,False,False,1.2,24,0.13,17,0.26,10,3,30,55
2,18,314,296,108,3.09435216,-1.6915521600002,-48.2132%,1,False,False,1.1,20,0.16,16,0.27,6,3,30,55
2,17,345,327,122,3.38596112,-3.2533611200004,-95.5641%,1,False,False,1,16,0.15,15,0.23,6,3,30,55
2,16,348,328,115,3.52959952,5.0674004800002,134.4649%,1,False,False,1,24,0.16,19,0.24,8,3,30,55
2,15,580,557,193,6.16034844,0.3584515600002,9.0753%,1,False,False,0.9,20,0.09,19,0.24,8,3,30,55
2,14,334,317,104,3.543377,-6.818177000001,-162.8887%,1,False,False,0.9,18,0.15,19,0.27,16,3,30,55
2,13,364,332,118,3.57253808,-2.8425380799986,-76.4164%,1,False,False,1.2,18,0.14,19,0.26,16,3,30,55
2,12,363,333,113,3.64419808,0.5350019199988,13.5002%,1,False,False,1.1,24,0.14,17,0.27,12,3,30,55
2,11,520,499,173,5.49016756,3.172232440001,80.874%,1,False,False,1,24,0.1,17,0.22,10,3,30,55
2,10,329,308,104,3.38841732,-3.4430173199986,-86.0889%,1,False,False,1.1,24,0.15,18,0.25,16,3,30,55
2,9,379,359,123,3.91388612,3.634113880001,92.8303%,1,False,False,1,24,0.13,15,0.24,8,3,30,55
2,8,425,412,142,4.51055724,5.4838427599998,140.0404%,1,False,False,0.9,24,0.13,19,0.24,8,3,30,55
2,7,527,492,173,5.38184556,-5.7448455599996,-149.438%,1,False,False,1.2,20,0.08,19,0.25,12,3,30,55
2,6,532,506,177,5.55894688,-4.8641468799994,-125.2872%,1,False,False,1.2,20,0.08,18,0.22,14,3,30,55
2,5,530,507,180,5.5209748,1.2272252000012,32.377%,1,False,False,1,16,0.1,19,0.24,8,3,30,55
2,4,428,403,138,4.42027088,3.5071291199994,88.8322%,1,False,False,1,24,0.13,19,0.24,12,3,30,55
2,3,345,321,104,3.6007524,-5.6737523999996,-133.3341%,1,False,False,0.9,16,0.13,15,0.25,18,3,30,55
2,2,403,383,139,4.07240428,3.1597957200002,87.6434%,1,False,False,1.1,16,0.13,19,0.25,8,3,30,55
2,1,386,365,136,3.81254836,2.16485164,62.8191%,1,False,False,1.2,18,0.13,16,0.23,8,3,30,55
1,99,435,402,135,4.4814922,-7.5904921999984,-185.3883%,1,False,False,1.1,24,0.09,15,0.26,16,3,30,55
1,98,468,453,164,4.85091676,2.9680832399996,81.3262%,1,False,False,1.1,20,0.11,15,0.22,8,3,30,55
1,97,481,448,159,4.88354124,-10.0089412399998,-263.9405%,1,False,False,1.2,16,0.09,17,0.23,16,3,30,55
1,96,362,333,117,3.5853736,-0.1241736,-3.2992%,1,False,False,1.2,22,0.14,17,0.27,10,3,30,55
1,95,484,459,166,4.936439,0.4693609999992,12.7888%,1,False,False,1.1,16,0.1,16,0.25,8,3,30,55
1,94,455,430,139,4.90340376,-6.15240376,-141.2421%,1,False,False,1,24,0.08,16,0.24,18,3,30,55
1,93,506,476,157,5.36518532,1.3604146799996,32.214%,1,False,False,0.9,22,0.1,15,0.27,10,3,30,55
1,92,356,330,121,3.46289392,-2.7840939200004,-79.2679%,1,False,False,1.2,18,0.14,15,0.26,6,3,30,55
1,91,388,356,121,3.92290328,-5.9983032799994,-150.3035%,1,False,False,1,22,0.12,15,0.26,16,3,30,55
1,90,361,334,116,3.61441228,2.6065877199996,68.1032%,1,False,False,1.2,24,0.14,15,0.24,12,3,30,55
1,89,359,326,116,3.48427152,0.23692848,6.4265%,1,False,False,1.2,18,0.14,15,0.26,10,3,30,55
1,88,450,422,153,4.50459052,-2.4227905200008,-66.7516%,1,False,False,1.1,18,0.12,18,0.23,12,3,30,55
1,87,511,482,170,5.24901548,-1.1822154799986,-30.9958%,1,False,False,1,18,0.11,18,0.23,12,3,30,55
1,86,528,502,181,5.40733496,3.2230650400008,87.3184%,1,False,False,1.2,22,0.09,15,0.24,8,3,30,55
1,85,352,322,111,3.5002112,3.6213888000004,93.5613%,1,False,False,1.2,24,0.15,17,0.25,14,3,30,55
1,84,429,409,143,4.44359216,6.1382078399996,160.2683%,1,False,False,1,24,0.13,19,0.24,8,3,30,55
1,83,664,639,231,6.92021628,-6.5198162800006,-175.6913%,1,False,False,1,16,0.08,17,0.23,6,3,30,55
1,82,364,350,115,3.91892552,-3.29232552,-78.5041%,1,False,False,0.9,24,0.14,18,0.24,18,3,30,55
1,81,456,428,145,4.73670568,1.205094320001,29.9017%,1,False,False,0.9,22,0.12,17,0.26,10,3,30,55
1,80,373,355,122,3.86387564,0.2445243600004,6.2786%,1,False,False,1,22,0.14,16,0.22,14,3,30,55
1,79,443,418,139,4.68931408,-7.3141140799992,-175.6705%,1,False,False,1.1,22,0.08,17,0.24,18,3,30,55
1,78,430,401,143,4.30688712,2.3667128799996,63.7746%,1,False,False,1.1,24,0.12,17,0.26,6,3,30,55
1,77,351,324,113,3.5028686,2.2745314,59.7777%,1,False,False,1.2,22,0.14,15,0.27,8,3,30,55
1,76,350,323,104,3.63649076,-5.2212907599996,-121.4722%,1,False,False,0.9,18,0.13,15,0.26,18,3,30,55
1,75,591,561,187,6.3315536,-4.9057536000012,-117.0385%,1,False,False,0.9,20,0.08,19,0.25,10,3,30,55
1,74,390,361,121,4.0123926,-4.3967925999998,-107.6915%,1,False,False,1,16,0.12,19,0.26,18,3,30,55
1,73,462,436,150,4.78894844,-0.2453484399988,-6.2281%,1,False,False,0.9,20,0.12,17,0.25,10,3,30,55
1,72,418,389,130,4.34147988,-5.2234798799998,-126.869%,1,False,False,0.9,16,0.1,16,0.27,18,3,30,55
1,71,476,458,154,5.12258884,-8.0987888399994,-197.0662%,1,False,False,1.1,20,0.08,17,0.22,18,3,30,55
1,70,650,622,221,6.80750028,-3.9843002800002,-104.4239%,1,False,False,1,20,0.08,19,0.24,6,3,30,55
1,69,426,395,133,4.3983668,-6.5203667999998,-159.8985%,1,False,False,1.1,24,0.09,17,0.25,18,3,30,55
1,68,451,426,144,4.71620968,0.9175903200008,22.7071%,1,False,False,0.9,24,0.11,17,0.24,14,3,30,55
1,67,596,567,197,6.2635786,-2.8739785999994,-73.0346%,1,False,False,0.9,16,0.09,19,0.23,10,3,30,55
1,66,414,394,144,4.17403964,2.8073603599994,78.6733%,1,False,False,1.1,20,0.13,17,0.23,8,3,30,55
1,65,317,293,105,3.12017672,-4.6757767199994,-128.4163%,1,False,False,1.2,16,0.15,16,0.23,16,3,30,55
1,64,398,373,126,4.11134148,2.6610585199996,66.2363%,1,False,False,1,24,0.14,19,0.25,12,3,30,55
1,63,514,493,180,5.26320588,-1.403005880001,-38.8373%,1,False,False,1.1,22,0.1,17,0.24,6,3,30,55
1,62,375,364,128,3.92094404,-2.3989440400008,-63.6706%,1,False,False,0.9,20,0.15,18,0.25,6,3,30,55
1,61,381,367,123,4.0769638,-5.2281638,-128.0912%,1,False,False,0.9,20,0.14,19,0.23,18,3,30,55
1,60,400,375,136,3.9846778,-0.4640777999996,-12.874%,1,False,False,1.2,18,0.13,18,0.24,14,3,30,55
1,59,383,354,119,3.92259824,-5.7847982399996,-142.5756%,1,False,False,1,22,0.13,18,0.26,16,3,30,55
1,58,412,387,141,4.10768076,-0.0618807599996,-1.7257%,1,False,False,1.2,20,0.13,18,0.23,14,3,30,55
1,57,312,286,96,3.1230244,-0.7212244,-18.0969%,1,False,False,1,22,0.16,15,0.27,12,3,30,55
1,56,492,470,163,5.17182284,0.63657716,16.2451%,1,False,False,0.9,16,0.1,16,0.27,8,3,30,55
1,55,470,447,150,4.99769396,-1.01089396,-24.5686%,1,False,False,0.9,24,0.1,15,0.22,18,3,30,55
1,54,428,400,145,4.27125172,0.2369482800002,6.5312%,1,False,False,1.1,16,0.12,18,0.26,8,3,30,55
1,53,418,384,134,4.1998772,-3.4274771999992,-88.7558%,1,False,False,1.2,22,0.1,16,0.26,16,3,30,55
1,52,505,482,176,5.15518492,-2.0469849199998,-56.5896%,1,False,False,1.2,18,0.1,17,0.23,10,3,30,55
1,51,391,366,126,3.99355084,1.949849159999,49.9903%,1,False,False,1.1,24,0.13,17,0.25,12,3,30,55
1,50,326,297,98,3.29699896,-6.5251989600008,-158.0567%,1,False,False,1,16,0.14,15,0.27,18,3,30,55
1,49,335,313,111,3.35979576,-3.4069957599986,-91.7163%,1,False,False,1.2,22,0.15,19,0.24,16,3,30,55
1,48,422,389,137,4.20813548,-1.0451354800008,-27.6272%,1,False,False,1.1,20,0.12,16,0.26,14,3,30,55
1,47,320,294,100,3.22603436,-3.2018343599988,-80.9424%,1,False,False,1.2,24,0.15,17,0.26,16,3,30,55
1,46,331,305,107,3.28998452,-6.0289845199992,-159.8271%,1,False,False,1.2,22,0.14,16,0.23,16,3,30,55
1,45,504,478,159,5.3948314,-7.4572313999994,-177.7822%,1,False,False,1,22,0.08,18,0.23,16,3,30,55
1,44,518,495,175,5.38408388,-1.2808838799996,-33.6958%,1,False,False,0.9,16,0.11,19,0.22,10,3,30,55
1,43,487,452,156,4.96962444,-1.8788244399986,-47.7727%,1,False,False,1,18,0.11,18,0.27,12,3,30,55
1,42,379,354,126,3.79434236,4.84625764,130.9052%,1,False,False,1.2,24,0.13,17,0.25,8,3,30,55
1,41,476,435,147,4.83955688,-3.9879568799998,-98.1381%,1,False,False,1.1,24,0.08,16,0.25,14,3,30,55
1,40,526,489,166,5.4459338,0.7238661999998,17.8524%,1,False,False,1.1,24,0.08,19,0.27,10,3,30,55
1,39,600,581,200,6.43903528,2.1539647199994,54.0361%,1,False,False,0.9,24,0.09,16,0.23,6,3,30,55
1,38,541,513,179,5.63192652,1.851673480001,47.6045%,1,False,False,1,22,0.1,17,0.23,10,3,30,55
1,37,471,438,150,4.86264704,-10.1514470399992,-253.6291%,1,False,False,1.2,20,0.08,17,0.25,16,3,30,55
1,36,499,473,170,5.10843004,1.210969959999,32.6371%,1,False,False,1.1,20,0.1,16,0.25,8,3,30,55
1,35,515,486,171,5.30093428,-0.0413342799984,-1.0793%,1,False,False,1,18,0.11,18,0.23,10,3,30,55
1,34,565,544,196,5.8701602,-3.8219602000008,-103.1794%,1,False,False,1.1,20,0.09,15,0.24,6,3,30,55
1,33,346,324,116,3.44343164,-0.7736316400008,-21.2329%,1,False,False,1.1,22,0.15,16,0.27,6,3,30,55
1,32,412,388,145,4.05822228,2.8123777200004,81.6531%,1,False,False,1.2,18,0.12,15,0.24,8,3,30,55
1,31,389,375,130,4.09628448,-4.6256844800014,-119.2092%,1,False,False,1,16,0.13,19,0.22,18,3,30,55
1,30,555,518,172,5.8362704,0.2523296000002,6.0118%,1,False,False,1,24,0.08,17,0.25,10,3,30,55
1,29,510,474,161,5.25019716,-1.3013971599996,-32.3016%,1,False,False,1,22,0.09,16,0.26,12,3,30,55
1,28,423,409,151,4.3039628,-2.3637628,-67.3224%,1,False,False,1,18,0.13,17,0.22,6,3,30,55
1,27,491,465,169,4.98857576,1.6162242400002,44.3571%,1,False,False,1.2,20,0.1,16,0.25,8,3,30,55
1,26,533,512,186,5.4956172,-3.5278172,-96.6055%,1,False,False,1,18,0.1,16,0.23,6,3,30,55
1,25,359,337,113,3.73342668,-5.4358266800008,-133.7851%,1,False,False,1,18,0.14,19,0.25,18,3,30,55
1,24,307,290,108,2.98968436,-2.6954843600006,-79.5888%,1,False,False,1.1,16,0.16,16,0.27,6,3,30,55
1,23,606,585,214,6.2789552,-1.204155200001,-33.1557%,1,False,False,1.1,22,0.09,18,0.22,6,3,30,55
1,22,395,366,130,3.93489532,-1.2306953199996,-33.0506%,1,False,False,1.2,20,0.13,18,0.27,14,3,30,55
1,21,405,385,143,4.0362646,-0.8580646000004,-24.7032%,1,False,False,1.1,18,0.14,19,0.25,6,3,30,55
1,20,487,456,164,4.90972436,-3.1703243599994,-85.7982%,1,False,False,1.2,20,0.1,17,0.25,12,3,30,55
1,19,594,569,202,6.21102456,-2.4678245600012,-64.8551%,1,False,False,1.1,18,0.08,17,0.22,10,3,30,55
1,18,492,469,151,5.36612836,-5.9453283600002,-135.3355%,1,False,False,0.9,24,0.08,17,0.22,18,3,30,55
1,17,389,364,129,3.91743336,5.25336664,140.6325%,1,False,False,1.2,24,0.13,18,0.27,8,3,30,55
1,16,362,336,119,3.60458248,3.1042175200008,83.4444%,1,False,False,1.2,22,0.15,19,0.25,10,3,30,55
1,15,408,378,125,4.23652864,-6.03632864,-144.5209%,1,False,False,0.9,18,0.11,19,0.27,18,3,30,55
1,14,361,332,116,3.57677528,0.6340247200002,16.745%,1,False,False,1.1,18,0.15,18,0.25,14,3,30,55
1,13,349,319,111,3.46346104,-2.6178610399994,-68.3277%,1,False,False,1.2,20,0.13,16,0.25,18,3,30,55
1,12,275,253,88,2.72198224,-7.0199822399988,-185.7324%,1,False,False,1.2,18,0.16,15,0.26,16,3,30,55
1,11,316,300,113,3.07753176,-1.21233176,-36.3627%,1,False,False,1.2,16,0.16,17,0.26,6,3,30,55
1,10,500,477,164,5.29259392,-11.0049939199996,-275.9104%,1,False,False,1.1,20,0.08,19,0.22,16,3,30,55
1,9,507,473,167,5.15113876,-3.3557387600006,-88.0811%,1,False,False,1.1,22,0.09,17,0.23,14,3,30,55
1,8,523,502,175,5.50623308,1.530966920001,39.3676%,1,False,False,1,22,0.1,18,0.22,12,3,30,55
1,7,488,461,166,4.9700808,0.8211191999996,22.2206%,1,False,False,1.1,16,0.1,18,0.27,8,3,30,55
1,6,398,369,130,3.980414,-1.227214000001,-32.5758%,1,False,False,1.1,20,0.13,16,0.25,12,3,30,55
1,5,579,547,190,6.0531474,-1.0199474000002,-25.8789%,1,False,False,1,16,0.08,16,0.26,8,3,30,55
1,4,508,474,167,5.16992644,-5.9557264400006,-155.7556%,1,False,False,1.1,16,0.09,19,0.27,12,3,30,55
1,3,542,520,179,5.74808136,-2.497081359999,-62.8841%,1,False,False,0.9,20,0.1,18,0.23,12,3,30,55
1,2,353,334,120,3.54745964,0.6767403599994,18.6453%,1,False,False,1.1,18,0.15,16,0.22,12,3,30,55
1,1,430,413,143,4.53523852,-3.2612385200006,-83.3784%,1,False,False,1,16,0.11,16,0.22,18,3,30,55
1,0,381,355,124,3.84134308,0.3798569199998,9.9723%,1,False,False,1,20,0.15,19,0.26,10,3,30,55